-- phpMyAdmin SQL Dump
-- version 3.3.9
-- http://www.phpmyadmin.net
--
-- Servidor: localhost
-- Tiempo de generación: 02-05-2012 a las 12:49:03
-- Versión del servidor: 5.5.8
-- Versión de PHP: 5.3.5

SET SQL_MODE="NO_AUTO_VALUE_ON_ZERO";


/*!40101 SET @OLD_CHARACTER_SET_CLIENT=@@CHARACTER_SET_CLIENT */;
/*!40101 SET @OLD_CHARACTER_SET_RESULTS=@@CHARACTER_SET_RESULTS */;
/*!40101 SET @OLD_COLLATION_CONNECTION=@@COLLATION_CONNECTION */;
/*!40101 SET NAMES utf8 */;

--
-- Base de datos: `venezuela_naciones`
--
CREATE DATABASE `venezuela_naciones` DEFAULT CHARACTER SET latin1 COLLATE latin1_swedish_ci;
USE `venezuela_naciones`;

-- --------------------------------------------------------

--
-- Estructura de tabla para la tabla `acos`
--

CREATE TABLE IF NOT EXISTS `acos` (
  `id` int(10) unsigned NOT NULL AUTO_INCREMENT,
  `parent_id` int(10) DEFAULT NULL,
  `model` varchar(255) DEFAULT '',
  `foreign_key` int(10) unsigned DEFAULT NULL,
  `alias` varchar(255) DEFAULT '',
  `lft` int(10) DEFAULT NULL,
  `rght` int(10) DEFAULT NULL,
  PRIMARY KEY (`id`)
) ENGINE=MyISAM  DEFAULT CHARSET=utf8 AUTO_INCREMENT=110 ;

--
-- Volcar la base de datos para la tabla `acos`
--

INSERT INTO `acos` (`id`, `parent_id`, `model`, `foreign_key`, `alias`, `lft`, `rght`) VALUES
(1, NULL, NULL, NULL, 'controllers', 1, 218),
(2, 1, NULL, NULL, 'Pages', 2, 17),
(3, 2, NULL, NULL, 'display', 3, 4),
(4, 2, NULL, NULL, 'build_acl', 5, 6),
(5, 2, NULL, NULL, 'add', 7, 8),
(6, 2, NULL, NULL, 'edit', 9, 10),
(7, 2, NULL, NULL, 'index', 11, 12),
(8, 2, NULL, NULL, 'view', 13, 14),
(9, 2, NULL, NULL, 'delete', 15, 16),
(10, 1, NULL, NULL, 'Archivos', 18, 31),
(11, 10, NULL, NULL, 'index', 19, 20),
(12, 10, NULL, NULL, 'view', 21, 22),
(13, 10, NULL, NULL, 'add', 23, 24),
(14, 10, NULL, NULL, 'edit', 25, 26),
(15, 10, NULL, NULL, 'delete', 27, 28),
(16, 10, NULL, NULL, 'build_acl', 29, 30),
(17, 1, NULL, NULL, 'Backgrounds', 32, 45),
(18, 17, NULL, NULL, 'index', 33, 34),
(19, 17, NULL, NULL, 'view', 35, 36),
(20, 17, NULL, NULL, 'add', 37, 38),
(21, 17, NULL, NULL, 'edit', 39, 40),
(22, 17, NULL, NULL, 'delete', 41, 42),
(23, 17, NULL, NULL, 'build_acl', 43, 44),
(24, 1, NULL, NULL, 'Banners', 46, 59),
(25, 24, NULL, NULL, 'index', 47, 48),
(26, 24, NULL, NULL, 'view', 49, 50),
(27, 24, NULL, NULL, 'add', 51, 52),
(28, 24, NULL, NULL, 'edit', 53, 54),
(29, 24, NULL, NULL, 'delete', 55, 56),
(30, 24, NULL, NULL, 'build_acl', 57, 58),
(31, 1, NULL, NULL, 'Categories', 60, 75),
(32, 31, NULL, NULL, 'index', 61, 62),
(33, 31, NULL, NULL, 'view', 63, 64),
(34, 31, NULL, NULL, 'add', 65, 66),
(35, 31, NULL, NULL, 'add_link', 67, 68),
(36, 31, NULL, NULL, 'edit', 69, 70),
(37, 31, NULL, NULL, 'delete', 71, 72),
(38, 31, NULL, NULL, 'build_acl', 73, 74),
(39, 1, NULL, NULL, 'Galleries', 76, 89),
(40, 39, NULL, NULL, 'index', 77, 78),
(41, 39, NULL, NULL, 'view', 79, 80),
(42, 39, NULL, NULL, 'add', 81, 82),
(43, 39, NULL, NULL, 'edit', 83, 84),
(44, 39, NULL, NULL, 'delete', 85, 86),
(45, 39, NULL, NULL, 'build_acl', 87, 88),
(46, 1, NULL, NULL, 'Groups', 90, 107),
(47, 46, NULL, NULL, 'index', 91, 92),
(48, 46, NULL, NULL, 'add', 93, 94),
(49, 46, NULL, NULL, 'edit', 95, 96),
(50, 46, NULL, NULL, 'delete', 97, 98),
(51, 46, NULL, NULL, 'permission', 99, 100),
(52, 46, NULL, NULL, 'ajax_load', 101, 102),
(53, 46, NULL, NULL, 'build_acl', 103, 104),
(54, 46, NULL, NULL, 'view', 105, 106),
(55, 1, NULL, NULL, 'Menus', 108, 123),
(56, 55, NULL, NULL, 'index', 109, 110),
(57, 55, NULL, NULL, 'add', 111, 112),
(58, 55, NULL, NULL, 'links', 113, 114),
(59, 55, NULL, NULL, 'edit', 115, 116),
(60, 55, NULL, NULL, 'delete', 117, 118),
(61, 55, NULL, NULL, 'build_acl', 119, 120),
(62, 55, NULL, NULL, 'view', 121, 122),
(63, 1, NULL, NULL, 'Metatags', 124, 137),
(64, 63, NULL, NULL, 'index', 125, 126),
(65, 63, NULL, NULL, 'view', 127, 128),
(66, 63, NULL, NULL, 'add', 129, 130),
(67, 63, NULL, NULL, 'edit', 131, 132),
(68, 63, NULL, NULL, 'delete', 133, 134),
(69, 63, NULL, NULL, 'build_acl', 135, 136),
(70, 1, NULL, NULL, 'News', 138, 151),
(71, 70, NULL, NULL, 'index', 139, 140),
(72, 70, NULL, NULL, 'view', 141, 142),
(73, 70, NULL, NULL, 'add', 143, 144),
(74, 70, NULL, NULL, 'edit', 145, 146),
(75, 70, NULL, NULL, 'delete', 147, 148),
(76, 70, NULL, NULL, 'build_acl', 149, 150),
(77, 1, NULL, NULL, 'Paths', 152, 165),
(78, 77, NULL, NULL, 'index', 153, 154),
(79, 77, NULL, NULL, 'view', 155, 156),
(80, 77, NULL, NULL, 'add', 157, 158),
(81, 77, NULL, NULL, 'edit', 159, 160),
(82, 77, NULL, NULL, 'delete', 161, 162),
(83, 77, NULL, NULL, 'build_acl', 163, 164),
(84, 1, NULL, NULL, 'Promos', 166, 179),
(85, 84, NULL, NULL, 'index', 167, 168),
(86, 84, NULL, NULL, 'view', 169, 170),
(87, 84, NULL, NULL, 'add', 171, 172),
(88, 84, NULL, NULL, 'edit', 173, 174),
(89, 84, NULL, NULL, 'delete', 175, 176),
(90, 84, NULL, NULL, 'build_acl', 177, 178),
(91, 1, NULL, NULL, 'Tkos', 180, 193),
(92, 91, NULL, NULL, 'index', 181, 182),
(93, 91, NULL, NULL, 'view', 183, 184),
(94, 91, NULL, NULL, 'add', 185, 186),
(95, 91, NULL, NULL, 'edit', 187, 188),
(96, 91, NULL, NULL, 'delete', 189, 190),
(97, 91, NULL, NULL, 'build_acl', 191, 192),
(98, 1, NULL, NULL, 'Users', 194, 217),
(99, 98, NULL, NULL, 'index', 195, 196),
(100, 98, NULL, NULL, 'add', 197, 198),
(101, 98, NULL, NULL, 'delete', 199, 200),
(102, 98, NULL, NULL, 'edit', 201, 202),
(103, 98, NULL, NULL, 'edit_pass', 203, 204),
(104, 98, NULL, NULL, 'permission', 205, 206),
(105, 98, NULL, NULL, 'ajax_load', 207, 208),
(106, 98, NULL, NULL, 'login', 209, 210),
(107, 98, NULL, NULL, 'logout', 211, 212),
(108, 98, NULL, NULL, 'build_acl', 213, 214),
(109, 98, NULL, NULL, 'view', 215, 216);

-- --------------------------------------------------------

--
-- Estructura de tabla para la tabla `archivos`
--

CREATE TABLE IF NOT EXISTS `archivos` (
  `id_file` int(11) NOT NULL AUTO_INCREMENT,
  `nombre_file` varchar(45) DEFAULT NULL,
  `vidthumbnail` varchar(255) DEFAULT NULL,
  `embedthumb` varchar(255) DEFAULT NULL,
  `viddesta` varchar(255) DEFAULT NULL,
  `nombre_gal` varchar(255) DEFAULT NULL,
  `nombre_thumb` varchar(255) DEFAULT NULL,
  `dir` varchar(255) NOT NULL,
  `fechacre_file` timestamp NULL DEFAULT CURRENT_TIMESTAMP,
  `mimetype` varchar(45) DEFAULT NULL,
  `tipodispositivo_file` varchar(45) DEFAULT NULL,
  `usuario_id_usuario` int(11) DEFAULT NULL,
  PRIMARY KEY (`id_file`)
) ENGINE=InnoDB  DEFAULT CHARSET=utf8 AUTO_INCREMENT=347 ;

--
-- Volcar la base de datos para la tabla `archivos`
--

INSERT INTO `archivos` (`id_file`, `nombre_file`, `vidthumbnail`, `embedthumb`, `viddesta`, `nombre_gal`, `nombre_thumb`, `dir`, `fechacre_file`, `mimetype`, `tipodispositivo_file`, `usuario_id_usuario`) VALUES
(346, NULL, '', 'Thumbs_simpleplan.jpg', '', NULL, NULL, 'files/videothumbnail', '2011-05-10 12:05:39', 'image/jpeg', '0', 6);

-- --------------------------------------------------------

--
-- Estructura de tabla para la tabla `archivos_galleries`
--

CREATE TABLE IF NOT EXISTS `archivos_galleries` (
  `files_id_file` int(11) NOT NULL,
  `galerias_id_galeria` int(11) NOT NULL,
  PRIMARY KEY (`files_id_file`,`galerias_id_galeria`)
) ENGINE=InnoDB DEFAULT CHARSET=utf8;

--
-- Volcar la base de datos para la tabla `archivos_galleries`
--

INSERT INTO `archivos_galleries` (`files_id_file`, `galerias_id_galeria`) VALUES
(209, 4),
(210, 4),
(211, 4),
(212, 6),
(213, 7),
(214, 7),
(215, 7),
(216, 7),
(217, 8),
(218, 8),
(219, 8),
(221, 10),
(225, 11),
(226, 11),
(227, 11),
(228, 12),
(229, 12),
(230, 12),
(231, 13),
(237, 14),
(238, 14),
(239, 14),
(240, 14),
(241, 16),
(242, 16),
(243, 16),
(244, 16),
(245, 17),
(246, 18),
(247, 18),
(248, 18),
(249, 19),
(250, 19),
(251, 19),
(252, 20),
(253, 20),
(254, 20),
(255, 21),
(256, 21),
(257, 21),
(258, 21),
(259, 22),
(260, 22),
(261, 23),
(262, 23),
(263, 23),
(267, 25),
(268, 25),
(269, 25),
(270, 26),
(271, 26),
(272, 26),
(273, 27),
(274, 27),
(275, 27),
(276, 27),
(277, 28),
(278, 28),
(279, 28),
(286, 29),
(287, 29),
(288, 29),
(289, 30),
(290, 30),
(291, 30),
(293, 31),
(294, 31),
(295, 32),
(296, 3),
(297, 32),
(298, 32),
(299, 32),
(300, 33),
(301, 33),
(302, 34),
(303, 34),
(304, 34),
(305, 35),
(306, 35),
(307, 35),
(309, 36),
(310, 36),
(311, 37),
(312, 37),
(313, 37),
(314, 38),
(315, 38),
(316, 38),
(317, 39),
(318, 39),
(319, 39),
(320, 40),
(321, 40),
(322, 40),
(323, 41),
(324, 41),
(325, 41),
(326, 42),
(327, 42),
(328, 42),
(331, 43),
(332, 43),
(333, 44),
(334, 44),
(335, 44),
(336, 45),
(337, 45),
(338, 45),
(341, 46),
(342, 46),
(343, 46),
(344, 47),
(345, 47),
(347, 48),
(348, 48),
(349, 48),
(350, 49),
(351, 49),
(352, 49),
(353, 50),
(354, 50),
(355, 50),
(356, 51),
(357, 51),
(358, 51),
(361, 52),
(362, 52),
(363, 52),
(364, 53),
(365, 53),
(366, 53),
(367, 54),
(368, 54),
(369, 54),
(370, 55),
(371, 55),
(372, 55),
(373, 56),
(374, 56),
(375, 56),
(376, 56),
(377, 57),
(378, 57),
(379, 57),
(380, 57),
(381, 57),
(382, 57),
(383, 57),
(384, 57),
(385, 57),
(386, 57),
(387, 57),
(388, 57),
(391, 58),
(392, 58),
(393, 58),
(395, 59),
(396, 59),
(397, 60),
(398, 60),
(399, 60),
(400, 61),
(401, 61),
(402, 61),
(403, 61),
(404, 61),
(405, 61),
(406, 62),
(407, 62),
(408, 62),
(409, 63),
(410, 63),
(411, 63),
(412, 64),
(413, 65),
(414, 66),
(415, 66),
(416, 66),
(417, 67),
(419, 68),
(431, 69),
(433, 69),
(434, 69),
(435, 69),
(436, 69),
(437, 69),
(438, 69),
(439, 70),
(440, 71),
(441, 72),
(442, 72),
(443, 72),
(444, 72),
(445, 73),
(446, 73),
(447, 73),
(448, 73),
(449, 74),
(450, 74),
(451, 74),
(452, 74),
(453, 75),
(454, 75),
(455, 75),
(456, 76),
(458, 77),
(459, 77),
(460, 78),
(461, 78),
(462, 77),
(463, 77),
(464, 77),
(465, 77),
(466, 79),
(467, 79),
(468, 79),
(470, 80),
(471, 81),
(472, 81),
(473, 82),
(474, 82),
(475, 82),
(476, 83),
(477, 83),
(478, 83),
(480, 84),
(481, 85),
(482, 86),
(483, 86),
(484, 86),
(485, 86),
(486, 86),
(487, 86),
(488, 86),
(489, 86),
(490, 86),
(491, 86),
(492, 86),
(493, 86),
(494, 86),
(495, 86),
(497, 87),
(498, 88),
(500, 89),
(501, 89),
(502, 89),
(504, 90),
(505, 90),
(506, 90),
(507, 91),
(508, 92),
(509, 92),
(510, 92),
(511, 86),
(512, 93),
(513, 93),
(514, 93),
(519, 94),
(522, 95),
(523, 86),
(524, 96),
(525, 96),
(526, 95),
(527, 95),
(529, 97),
(530, 98),
(531, 98),
(532, 98),
(535, 99),
(536, 100),
(537, 100),
(538, 100),
(539, 101),
(540, 101),
(541, 101),
(542, 102),
(543, 102),
(544, 102),
(547, 103),
(548, 104),
(549, 104),
(550, 104),
(551, 105),
(552, 105),
(553, 105),
(557, 107),
(558, 107),
(559, 107),
(561, 108),
(562, 108),
(563, 108),
(566, 109),
(567, 110),
(568, 111),
(569, 111),
(570, 111),
(571, 112),
(572, 112),
(573, 112),
(576, 114),
(577, 115),
(579, 116),
(581, 117),
(582, 118),
(583, 118),
(584, 118),
(585, 119),
(586, 119),
(587, 120),
(588, 120),
(589, 120),
(592, 121),
(593, 121),
(596, 122),
(599, 123),
(600, 124),
(601, 124),
(602, 124),
(605, 126),
(606, 127),
(607, 127),
(608, 127),
(611, 128),
(612, 129),
(613, 129),
(614, 129),
(616, 130),
(617, 131),
(618, 132),
(620, 134),
(621, 134),
(624, 135),
(626, 136),
(627, 136),
(628, 136),
(631, 137),
(632, 138),
(634, 140),
(636, 141),
(638, 142),
(639, 143),
(641, 145),
(642, 146),
(643, 147),
(644, 148),
(646, 149),
(648, 150),
(651, 151),
(652, 151),
(653, 151),
(656, 152),
(657, 153),
(658, 154),
(659, 154),
(660, 155),
(661, 155),
(664, 156),
(665, 157),
(666, 157),
(670, 158),
(673, 159),
(678, 160),
(679, 161),
(681, 162),
(682, 162),
(683, 163),
(684, 163),
(685, 163),
(686, 164),
(688, 165),
(689, 166),
(690, 166),
(691, 166),
(692, 166),
(693, 167),
(697, 168),
(698, 169),
(699, 169),
(700, 170),
(701, 171),
(702, 171),
(704, 172),
(705, 172),
(706, 173),
(707, 174),
(708, 175),
(709, 175),
(711, 176),
(712, 176),
(713, 177),
(714, 178),
(715, 179),
(716, 179),
(717, 179),
(718, 179),
(719, 179),
(721, 180),
(722, 181),
(723, 181),
(724, 182),
(725, 182),
(726, 182),
(727, 182),
(729, 183),
(730, 183),
(731, 183),
(732, 183),
(735, 184),
(736, 185),
(737, 185),
(738, 185),
(739, 186),
(741, 188),
(743, 189),
(744, 190),
(745, 190),
(746, 190),
(747, 191),
(748, 191),
(749, 191),
(750, 191),
(754, 192),
(755, 192),
(756, 193),
(757, 193),
(758, 193),
(759, 193),
(760, 193),
(764, 194),
(765, 194),
(766, 194),
(767, 194),
(768, 194),
(769, 194),
(770, 194),
(771, 194),
(772, 194),
(777, 199),
(784, 211),
(790, 215),
(791, 215),
(792, 215),
(793, 215),
(794, 215),
(795, 215),
(796, 215),
(798, 215),
(799, 215),
(800, 215),
(801, 215),
(819, 216),
(820, 216),
(824, 217),
(827, 218),
(834, 219),
(835, 219),
(836, 219),
(837, 219),
(838, 219),
(839, 219),
(840, 220),
(841, 220),
(843, 221),
(844, 221),
(846, 221),
(847, 221),
(848, 221),
(849, 221),
(850, 221),
(853, 222),
(854, 222),
(855, 222),
(856, 222),
(857, 222),
(858, 222),
(859, 222),
(860, 222),
(861, 222),
(863, 222),
(864, 222),
(865, 222),
(866, 222),
(871, 223),
(872, 223),
(873, 223),
(874, 223),
(875, 223),
(876, 223),
(877, 223),
(878, 223),
(879, 223),
(880, 223),
(881, 224),
(888, 225),
(890, 226),
(891, 226),
(892, 226),
(894, 227),
(895, 227),
(896, 227),
(897, 227),
(898, 227),
(900, 227),
(901, 227),
(903, 227),
(910, 228),
(911, 228),
(912, 228),
(913, 228),
(914, 228),
(918, 229),
(919, 229),
(920, 229),
(921, 229),
(922, 229),
(924, 229),
(925, 229),
(926, 229),
(938, 230),
(940, 230),
(941, 230),
(942, 230),
(944, 231),
(945, 231),
(946, 231),
(947, 231),
(948, 231),
(949, 231),
(950, 231),
(959, 232),
(960, 232),
(961, 232),
(962, 232),
(963, 232),
(969, 233),
(970, 233),
(971, 233),
(972, 233),
(975, 234),
(976, 234),
(977, 234),
(978, 234),
(979, 234),
(980, 234),
(981, 234),
(982, 235),
(983, 235),
(985, 235),
(986, 235),
(987, 235),
(988, 235),
(989, 235),
(990, 235),
(991, 235),
(994, 236),
(1002, 237),
(1007, 238),
(1008, 238),
(1009, 238),
(1010, 238),
(1013, 239),
(1014, 239),
(1015, 239),
(1016, 239),
(1017, 239),
(1018, 239),
(1019, 239),
(1020, 239),
(1021, 239),
(1022, 239),
(1023, 239),
(1024, 239),
(1025, 239),
(1026, 239),
(1027, 239),
(1028, 239),
(1029, 239),
(1030, 239),
(1031, 239),
(1032, 239),
(1033, 239),
(1034, 239),
(1035, 239),
(1036, 239),
(1037, 239),
(1038, 239),
(1040, 239),
(1041, 239),
(1042, 239),
(1043, 239),
(1044, 239),
(1045, 239),
(1046, 239),
(1047, 239),
(1048, 239),
(1049, 239),
(1050, 239),
(1051, 239),
(1052, 239),
(1053, 239),
(1054, 239),
(1055, 239),
(1056, 239),
(1057, 239),
(1059, 239),
(1060, 239),
(1061, 239),
(1062, 239),
(1063, 239),
(1064, 239),
(1065, 239),
(1066, 239),
(1067, 239),
(1068, 239),
(1072, 240),
(1073, 241),
(1074, 241),
(1075, 241),
(1076, 241),
(1077, 241),
(1078, 241),
(1079, 241),
(1080, 241),
(1081, 241),
(1082, 241),
(1083, 241),
(1084, 241),
(1086, 241),
(1089, 242),
(1090, 242),
(1091, 242),
(1092, 242),
(1101, 243),
(1102, 243),
(1103, 243),
(1104, 243),
(1116, 244),
(1117, 244),
(1118, 244),
(1119, 244),
(1120, 244),
(1121, 244),
(1122, 244),
(1123, 244),
(1134, 245),
(1136, 246),
(1137, 246),
(1139, 247),
(1140, 247),
(1141, 247),
(1147, 248),
(1149, 249),
(1150, 249),
(1151, 249),
(1152, 249),
(1153, 249),
(1154, 249),
(1155, 249),
(1156, 249),
(1157, 249),
(1159, 250),
(1160, 250),
(1161, 250),
(1162, 250),
(1163, 250),
(1164, 250),
(1165, 250),
(1173, 251),
(1175, 252),
(1176, 252),
(1177, 252),
(1178, 252),
(1179, 253),
(1180, 253),
(1181, 253),
(1186, 254),
(1189, 255),
(1190, 255),
(1192, 256),
(1194, 257),
(1195, 257),
(1196, 257),
(1197, 257),
(1198, 257),
(1199, 257),
(1200, 257),
(1201, 257),
(1202, 257),
(1203, 257),
(1204, 257),
(1205, 257),
(1206, 257),
(1207, 257),
(1216, 258),
(1217, 258),
(1218, 258),
(1219, 258),
(1220, 258),
(1221, 258),
(1225, 259),
(1230, 260),
(1235, 261),
(1237, 262),
(1238, 262),
(1239, 262),
(1240, 262),
(1241, 262),
(1243, 262),
(1244, 262),
(1245, 262),
(1246, 263),
(1247, 263),
(1248, 263),
(1249, 263),
(1250, 263),
(1251, 263),
(1252, 263),
(1253, 263),
(1254, 263),
(1261, 264),
(1262, 265),
(1263, 265),
(1264, 265),
(1265, 265),
(1266, 265),
(1267, 265),
(1268, 265),
(1269, 265),
(1273, 266),
(1274, 267),
(1275, 267),
(1276, 268),
(1277, 268),
(1290, 269),
(1291, 269),
(1292, 269),
(1293, 269),
(1294, 269),
(1295, 269),
(1296, 269),
(1297, 269),
(1298, 269),
(1299, 269),
(1303, 270),
(1306, 271),
(1307, 271),
(1308, 271),
(1309, 271),
(1310, 271),
(1311, 271),
(1313, 271),
(1314, 271),
(1315, 271),
(1316, 271),
(1317, 271),
(1318, 271),
(1320, 271),
(1322, 271),
(1323, 271),
(1324, 271),
(1325, 271),
(1326, 271),
(1327, 271),
(1328, 271),
(1329, 271),
(1330, 271),
(1331, 271),
(1332, 271),
(1333, 271),
(1334, 271),
(1335, 271),
(1336, 271),
(1341, 272),
(1342, 272),
(1343, 272),
(1344, 272),
(1345, 272),
(1346, 272),
(1347, 272),
(1350, 273),
(1353, 274),
(1354, 274),
(1355, 274),
(1356, 274),
(1357, 274),
(1358, 274),
(1362, 275),
(1363, 275),
(1369, 276),
(1370, 276),
(1371, 276),
(1372, 276),
(1373, 276),
(1374, 276),
(1375, 276),
(1376, 276),
(1377, 277),
(1378, 277),
(1379, 277),
(1380, 277),
(1383, 278),
(1384, 278),
(1385, 278),
(1386, 278),
(1387, 278),
(1388, 278),
(1389, 278),
(1391, 278),
(1392, 278),
(1394, 278),
(1395, 279),
(1396, 280),
(1400, 281),
(1401, 281),
(1405, 282),
(1406, 282),
(1407, 282),
(1408, 282),
(1409, 282),
(1410, 282),
(1411, 282),
(1412, 282),
(1413, 282),
(1414, 282),
(1415, 282),
(1416, 282),
(1417, 282),
(1418, 282),
(1419, 282),
(1420, 282),
(1422, 282),
(1427, 283),
(1428, 283),
(1429, 283),
(1439, 284),
(1440, 284),
(1441, 284),
(1442, 284),
(1443, 284),
(1444, 284),
(1445, 284),
(1446, 284),
(1447, 284),
(1448, 284),
(1449, 284),
(1450, 284),
(1451, 284),
(1452, 284),
(1454, 284),
(1455, 284),
(1456, 284),
(1457, 285),
(1464, 286),
(1465, 286),
(1466, 286),
(1468, 287),
(1469, 287),
(1470, 287),
(1474, 288),
(1478, 289),
(1480, 289),
(1481, 289),
(1482, 289),
(1483, 289),
(1488, 290),
(1489, 290),
(1490, 290),
(1492, 291),
(1493, 291),
(1494, 291),
(1501, 292),
(1502, 292),
(1503, 292),
(1504, 292),
(1505, 292),
(1506, 292),
(1507, 292),
(1509, 292),
(1510, 292),
(1511, 292),
(1512, 293),
(1513, 293),
(1523, 294),
(1524, 294),
(1525, 294),
(1526, 294),
(1527, 294),
(1538, 295),
(1539, 295),
(1540, 295),
(1541, 295),
(1542, 295),
(1543, 295),
(1544, 295),
(1554, 296),
(1555, 296),
(1556, 296),
(1557, 296),
(1558, 296),
(1559, 296),
(1560, 296),
(1561, 296),
(1562, 296),
(1563, 296),
(1564, 296),
(1565, 296),
(1566, 296),
(1567, 297),
(1568, 297),
(1570, 297),
(1572, 297),
(1574, 297),
(1575, 297),
(1576, 297),
(1577, 297),
(1578, 297),
(1579, 297),
(1580, 297),
(1581, 298),
(1582, 298),
(1583, 298),
(1584, 298),
(1585, 298),
(1586, 298),
(1587, 298),
(1588, 298),
(1589, 298),
(1590, 298),
(1591, 298),
(1592, 298),
(1596, 299),
(1597, 299),
(1598, 299),
(1599, 299),
(1600, 299),
(1601, 299),
(1602, 299),
(1603, 299),
(1604, 299),
(1605, 299),
(1607, 299),
(1608, 299),
(1612, 300),
(1613, 300),
(1614, 300),
(1615, 300),
(1616, 300),
(1617, 300),
(1618, 300),
(1622, 301),
(1623, 301),
(1624, 301),
(1625, 301),
(1626, 301),
(1627, 301),
(1628, 301),
(1630, 302),
(1631, 302),
(1639, 303),
(1640, 303),
(1651, 304),
(1652, 304),
(1653, 304),
(1654, 304),
(1655, 304),
(1656, 304),
(1657, 304),
(1658, 304),
(1659, 304),
(1660, 304),
(1661, 304),
(1662, 304),
(1663, 304),
(1664, 304),
(1665, 304),
(1666, 304),
(1667, 304),
(1668, 304),
(1669, 304),
(1670, 304),
(1671, 304),
(1672, 304),
(1673, 304),
(1674, 304),
(1675, 304),
(1676, 304),
(1678, 304),
(1679, 304),
(1680, 304),
(1681, 304),
(1686, 305),
(1687, 305),
(1688, 305),
(1689, 305),
(1690, 305),
(1691, 305),
(1692, 305),
(1693, 305),
(1694, 305),
(1695, 305),
(1696, 305),
(1697, 305),
(1698, 305),
(1699, 305),
(1700, 305),
(1707, 307),
(1710, 306),
(1711, 306),
(1712, 306),
(1713, 306),
(1714, 306),
(1715, 306),
(1716, 306),
(1717, 306),
(1718, 306),
(1719, 306),
(1724, 308),
(1725, 308),
(1728, 309),
(1738, 310),
(1739, 310),
(1740, 310),
(1741, 310),
(1742, 310),
(1743, 310),
(1751, 312),
(1752, 312),
(1753, 312),
(1754, 312),
(1755, 312),
(1756, 312),
(1757, 312),
(1758, 312),
(1759, 312),
(1760, 312),
(1761, 312),
(1762, 312),
(1764, 313),
(1765, 313),
(1767, 313),
(1768, 313),
(1769, 313),
(1770, 313),
(1771, 313),
(1772, 313),
(1789, 314),
(1790, 314),
(1791, 314),
(1792, 314),
(1793, 314),
(1794, 314),
(1795, 314),
(1796, 314),
(1804, 315),
(1805, 315),
(1806, 315),
(1807, 315),
(1808, 315),
(1809, 315),
(1810, 315),
(1811, 315),
(1813, 315),
(1814, 315),
(1815, 316),
(1816, 316),
(1817, 316),
(1818, 316),
(1819, 316),
(1820, 316),
(1821, 316),
(1822, 316),
(1823, 316),
(1824, 316),
(1836, 317),
(1837, 317),
(1838, 317),
(1839, 317),
(1840, 317),
(1841, 317),
(1842, 317),
(1843, 317),
(1844, 317),
(1848, 318),
(1849, 318),
(1850, 318),
(1851, 318),
(1852, 318),
(1853, 318),
(1857, 244),
(1858, 244),
(1861, 319),
(1862, 319),
(1863, 319),
(1864, 319),
(1865, 319),
(1866, 319),
(1867, 319),
(1868, 319),
(1869, 319),
(1874, 320),
(1875, 320),
(1876, 320),
(1877, 320),
(1878, 320),
(1885, 321),
(1886, 321),
(1887, 321),
(1888, 321),
(1889, 321),
(1890, 321),
(1891, 321),
(1892, 321),
(1893, 321),
(1894, 321),
(1904, 322),
(1905, 322),
(1906, 322),
(1907, 322),
(1908, 322),
(1909, 322),
(1910, 322),
(1911, 322),
(1917, 323),
(1918, 323),
(1919, 323),
(1920, 323),
(1921, 323),
(1922, 323),
(1923, 323),
(1924, 323),
(1925, 323),
(1927, 324),
(1928, 324),
(1929, 324),
(1930, 324),
(1931, 324),
(1932, 324),
(1933, 324),
(1934, 324),
(1935, 324),
(1936, 324),
(1938, 325),
(1939, 325),
(1940, 325),
(1942, 326),
(1943, 326),
(1944, 326),
(1945, 326),
(1946, 326),
(1947, 326),
(1948, 326),
(1949, 326),
(1950, 326),
(1951, 326),
(1956, 327),
(1957, 327),
(1958, 327),
(1959, 327),
(1960, 327),
(1961, 327),
(1968, 328),
(1969, 328),
(1970, 328),
(1971, 328),
(1972, 328),
(1973, 328),
(1974, 328),
(1975, 328),
(1976, 328),
(1981, 329),
(1982, 329),
(1983, 329),
(1984, 329),
(1985, 329),
(1986, 329),
(1987, 329),
(1988, 329),
(1989, 330),
(1990, 330),
(1991, 330),
(1992, 330),
(1993, 330),
(1994, 330),
(2003, 331),
(2004, 331),
(2005, 331),
(2006, 331),
(2007, 331),
(2008, 331),
(2009, 331),
(2010, 331),
(2011, 331),
(2012, 331),
(2013, 331),
(2014, 331),
(2015, 331),
(2016, 331),
(2017, 331),
(2018, 331),
(2019, 331),
(2020, 331),
(2021, 331),
(2022, 331),
(2023, 331),
(2024, 331),
(2025, 331),
(2026, 331),
(2027, 331),
(2028, 331),
(2029, 331),
(2030, 331),
(2031, 331),
(2032, 331),
(2033, 331),
(2034, 331),
(2035, 331),
(2036, 331),
(2037, 331),
(2038, 331),
(2039, 331),
(2044, 332),
(2045, 332),
(2046, 332),
(2047, 332),
(2048, 332),
(2049, 332),
(2050, 332),
(2051, 332),
(2055, 334),
(2056, 334),
(2057, 334),
(2058, 334),
(2059, 334),
(2060, 334),
(2061, 334),
(2062, 334),
(2063, 334),
(2064, 334),
(2065, 334),
(2066, 334),
(2067, 334),
(2072, 335),
(2073, 335),
(2074, 335),
(2075, 335),
(2077, 336),
(2078, 336),
(2079, 336),
(2080, 336),
(2081, 336),
(2082, 336),
(2083, 336),
(2084, 336),
(2085, 336),
(2086, 336),
(2087, 336),
(2088, 336),
(2089, 336),
(2090, 336),
(2091, 336),
(2102, 337),
(2103, 337),
(2104, 337),
(2105, 337),
(2106, 337),
(2110, 338),
(2111, 338),
(2112, 338),
(2115, 339),
(2116, 339),
(2117, 339),
(2118, 339),
(2119, 339),
(2120, 339),
(2121, 339),
(2122, 339),
(2123, 339),
(2124, 339),
(2125, 339),
(2126, 339),
(2127, 339),
(2128, 339),
(2129, 339),
(2130, 339),
(2132, 339),
(2133, 339),
(2134, 339),
(2141, 340),
(2142, 340),
(2143, 340),
(2144, 340),
(2145, 340),
(2146, 340),
(2147, 340),
(2148, 340),
(2149, 340),
(2150, 340),
(2151, 340),
(2152, 340),
(2153, 340),
(2154, 340),
(2155, 340),
(2156, 340),
(2157, 340),
(2158, 340),
(2159, 340),
(2160, 340),
(2161, 340),
(2162, 340),
(2163, 340),
(2169, 341),
(2170, 341),
(2171, 341),
(2172, 341),
(2173, 341),
(2174, 341),
(2175, 341),
(2176, 341),
(2177, 341),
(2181, 342),
(2182, 342),
(2183, 342),
(2184, 342),
(2185, 342),
(2186, 343),
(2187, 343),
(2188, 343),
(2189, 343),
(2190, 343),
(2191, 343),
(2192, 343),
(2193, 343),
(2194, 343),
(2195, 344),
(2196, 344),
(2197, 344),
(2198, 344),
(2200, 345),
(2201, 345),
(2202, 345),
(2203, 345),
(2204, 346),
(2206, 346),
(2207, 346),
(2208, 346),
(2209, 346),
(2210, 346),
(2211, 346),
(2212, 346),
(2213, 346),
(2220, 347),
(2221, 347),
(2222, 347),
(2223, 347),
(2224, 347),
(2225, 347),
(2226, 347),
(2227, 347),
(2228, 347),
(2235, 348),
(2236, 348),
(2237, 348),
(2238, 348),
(2239, 348),
(2240, 348),
(2241, 348),
(2244, 349),
(2245, 349),
(2246, 349),
(2247, 349),
(2248, 349),
(2250, 350),
(2251, 350),
(2252, 350),
(2253, 350),
(2254, 350),
(2255, 350),
(2256, 350),
(2257, 350),
(2261, 351),
(2262, 351),
(2263, 351),
(2264, 351),
(2265, 352),
(2266, 352),
(2267, 352),
(2268, 352),
(2269, 352),
(2270, 352),
(2271, 352),
(2272, 352),
(2273, 352),
(2274, 352),
(2275, 352),
(2276, 352),
(2277, 352),
(2278, 352),
(2279, 352),
(2280, 352),
(2281, 353),
(2282, 353),
(2283, 353),
(2284, 353),
(2285, 353),
(2286, 353),
(2287, 353),
(2288, 353),
(2289, 353),
(2290, 353),
(2291, 353),
(2292, 353),
(2293, 353),
(2294, 353),
(2296, 354),
(2297, 354),
(2298, 354),
(2299, 354),
(2300, 354),
(2301, 354),
(2302, 354),
(2303, 354),
(2304, 354),
(2305, 354),
(2306, 354),
(2307, 354),
(2308, 354),
(2309, 354),
(2310, 354),
(2311, 355),
(2312, 355),
(2313, 355),
(2314, 355),
(2315, 355),
(2316, 355),
(2317, 355),
(2318, 355),
(2319, 355),
(2320, 355),
(2321, 355),
(2322, 355),
(2323, 355),
(2324, 355),
(2325, 355),
(2326, 355),
(2327, 355),
(2328, 355),
(2334, 356),
(2335, 356),
(2336, 356),
(2337, 356),
(2338, 356),
(2339, 356),
(2340, 356),
(2345, 357),
(2346, 357),
(2347, 357),
(2348, 357),
(2349, 357),
(2350, 357),
(2351, 357),
(2352, 357),
(2353, 357),
(2356, 358),
(2357, 358),
(2358, 358),
(2359, 358),
(2360, 358),
(2361, 358),
(2362, 358),
(2363, 358),
(2364, 359),
(2365, 359),
(2366, 359),
(2367, 359),
(2368, 359),
(2369, 359),
(2370, 359),
(2371, 359),
(2372, 359),
(2374, 360),
(2375, 360),
(2376, 360),
(2377, 360),
(2378, 360),
(2380, 361),
(2382, 361),
(2383, 361),
(2384, 361),
(2385, 361),
(2386, 361),
(2387, 361),
(2388, 361),
(2390, 362),
(2391, 362),
(2392, 362),
(2393, 362),
(2394, 362),
(2395, 362),
(2396, 362),
(2400, 363),
(2401, 363),
(2402, 363),
(2403, 363),
(2404, 363),
(2405, 363),
(2406, 363),
(2407, 363),
(2408, 363),
(2409, 363),
(2413, 364),
(2414, 364),
(2415, 364),
(2416, 364),
(2417, 364),
(2418, 364),
(2419, 364),
(2420, 364),
(2421, 364),
(2422, 364),
(2423, 365),
(2424, 365),
(2425, 365),
(2426, 365),
(2427, 365),
(2428, 365),
(2429, 365),
(2430, 365),
(2431, 365),
(2432, 365),
(2433, 365),
(2434, 365),
(2435, 365),
(2436, 365),
(2437, 365),
(2438, 365),
(2439, 365),
(2446, 366),
(2447, 366),
(2448, 366),
(2449, 366),
(2450, 366),
(2451, 366),
(2452, 366),
(2453, 366),
(2454, 366),
(2455, 366),
(2456, 366),
(2463, 367),
(2464, 367),
(2465, 367),
(2466, 367),
(2467, 367),
(2468, 367),
(2469, 368),
(2470, 368),
(2471, 368),
(2472, 368),
(2473, 368),
(2478, 369),
(2479, 369),
(2480, 369),
(2481, 369),
(2482, 369),
(2483, 369),
(2486, 370),
(2487, 370),
(2488, 370),
(2489, 370),
(2490, 370),
(2491, 370),
(2492, 370),
(2493, 370),
(2494, 370),
(2495, 370),
(2496, 370),
(2499, 371),
(2500, 371),
(2501, 371),
(2502, 371),
(2503, 371),
(2504, 371),
(2505, 371),
(2506, 371),
(2507, 371),
(2511, 372),
(2512, 372),
(2513, 372),
(2514, 372),
(2515, 372),
(2516, 372),
(2517, 372),
(2518, 372),
(2519, 372),
(2523, 373),
(2524, 373),
(2525, 373),
(2526, 373),
(2527, 373),
(2528, 373),
(2529, 373),
(2530, 373),
(2531, 373),
(2532, 373),
(2533, 373),
(2534, 373),
(2535, 373),
(2540, 374),
(2541, 374),
(2542, 374),
(2543, 374),
(2544, 374),
(2545, 374),
(2546, 374),
(2547, 374),
(2550, 375),
(2551, 375),
(2552, 375),
(2553, 375),
(2554, 375),
(2555, 375),
(2556, 375),
(2557, 375),
(2558, 376),
(2559, 376),
(2560, 376),
(2561, 376),
(2562, 376),
(2563, 376),
(2564, 376),
(2565, 376),
(2566, 376),
(2571, 377),
(2572, 377),
(2573, 377),
(2574, 377),
(2575, 377),
(2576, 377),
(2577, 377),
(2578, 378),
(2579, 378),
(2580, 378),
(2581, 378),
(2582, 378),
(2583, 378),
(2584, 378),
(2585, 378),
(2586, 378),
(2587, 378),
(2588, 378),
(2593, 379),
(2594, 379),
(2595, 379),
(2596, 379),
(2597, 379),
(2598, 379),
(2599, 379),
(2600, 379),
(2601, 379),
(2602, 379),
(2605, 380),
(2606, 380),
(2607, 380),
(2608, 380),
(2609, 380),
(2615, 381),
(2616, 381),
(2617, 381),
(2618, 381),
(2619, 381),
(2620, 381),
(2621, 381),
(2622, 381),
(2623, 381);

-- --------------------------------------------------------

--
-- Estructura de tabla para la tabla `aros`
--

CREATE TABLE IF NOT EXISTS `aros` (
  `id` int(10) unsigned NOT NULL AUTO_INCREMENT,
  `parent_id` int(10) DEFAULT NULL,
  `model` varchar(255) DEFAULT '',
  `foreign_key` int(10) unsigned DEFAULT NULL,
  `alias` varchar(255) DEFAULT '',
  `lft` int(10) DEFAULT NULL,
  `rght` int(10) DEFAULT NULL,
  PRIMARY KEY (`id`)
) ENGINE=MyISAM  DEFAULT CHARSET=utf8 AUTO_INCREMENT=8 ;

--
-- Volcar la base de datos para la tabla `aros`
--

INSERT INTO `aros` (`id`, `parent_id`, `model`, `foreign_key`, `alias`, `lft`, `rght`) VALUES
(1, NULL, 'Group', 1, '', 1, 12),
(3, 1, 'User', 2, '', 2, 3),
(4, 1, 'User', 2, '', 4, 5),
(5, 1, 'User', 3, '', 6, 7),
(6, 1, 'User', 4, '', 8, 9),
(7, 1, 'User', 5, '', 10, 11);

-- --------------------------------------------------------

--
-- Estructura de tabla para la tabla `aros_acos`
--

CREATE TABLE IF NOT EXISTS `aros_acos` (
  `id` int(10) unsigned NOT NULL AUTO_INCREMENT,
  `aro_id` int(10) unsigned NOT NULL,
  `aco_id` int(10) unsigned NOT NULL,
  `_create` char(2) NOT NULL DEFAULT '0',
  `_read` char(2) NOT NULL DEFAULT '0',
  `_update` char(2) NOT NULL DEFAULT '0',
  `_delete` char(2) NOT NULL DEFAULT '0',
  PRIMARY KEY (`id`)
) ENGINE=MyISAM DEFAULT CHARSET=utf8 AUTO_INCREMENT=1 ;

--
-- Volcar la base de datos para la tabla `aros_acos`
--


-- --------------------------------------------------------

--
-- Estructura de tabla para la tabla `backgrounds`
--

CREATE TABLE IF NOT EXISTS `backgrounds` (
  `id_background` int(11) NOT NULL AUTO_INCREMENT,
  `fechacre_background` timestamp NULL DEFAULT CURRENT_TIMESTAMP,
  `promo_idpromo` int(11) DEFAULT NULL,
  `url` varchar(255) DEFAULT NULL,
  `activarbck` int(11) NOT NULL,
  `bgcolor` varchar(255) DEFAULT NULL,
  `titulo` varchar(255) DEFAULT NULL,
  `tipoanuncio` varchar(255) DEFAULT NULL,
  `usuario_id_usuario` int(11) NOT NULL,
  `archivos_id_file` int(11) NOT NULL,
  PRIMARY KEY (`id_background`),
  KEY `fk_background_promo1` (`promo_idpromo`),
  KEY `fk_background_usuario1` (`usuario_id_usuario`),
  KEY `fk_backgrounds_archivos1` (`archivos_id_file`)
) ENGINE=InnoDB DEFAULT CHARSET=utf8 AUTO_INCREMENT=1 ;

--
-- Volcar la base de datos para la tabla `backgrounds`
--


-- --------------------------------------------------------

--
-- Estructura de tabla para la tabla `campanas`
--

CREATE TABLE IF NOT EXISTS `campanas` (
  `id_campana` int(11) NOT NULL AUTO_INCREMENT,
  `pais_campana` varchar(255) DEFAULT NULL,
  `descripcion` text,
  `monto` double DEFAULT NULL,
  `fecha` varchar(25) DEFAULT NULL,
  `activo` int(11) DEFAULT NULL,
  `idpais` int(11) DEFAULT NULL,
  PRIMARY KEY (`id_campana`)
) ENGINE=InnoDB  DEFAULT CHARSET=latin1 AUTO_INCREMENT=3 ;

--
-- Volcar la base de datos para la tabla `campanas`
--

INSERT INTO `campanas` (`id_campana`, `pais_campana`, `descripcion`, `monto`, `fecha`, `activo`, `idpais`) VALUES
(1, 'Trinidad y Tobago', 'Predicar el evengelido de Dios con todos los Hindu de la zona es una area radical y ellos cuando haces una oracion por algun familiar y ven que se sana o algo asi se acercan mas a Dios', 4000, '20-08-2012', 1, 221),
(2, 'Mexico', 'Predicar el Evangelio en un estado de mexico para este año tan importante', 6000, '12/10/2012', 1, 146);

-- --------------------------------------------------------

--
-- Estructura de tabla para la tabla `categories`
--

CREATE TABLE IF NOT EXISTS `categories` (
  `id_categorias` int(11) NOT NULL AUTO_INCREMENT,
  `parent_id` int(11) DEFAULT NULL,
  `nombre_categorias` varchar(45) DEFAULT NULL,
  `link_categorias` varchar(45) DEFAULT NULL COMMENT '	',
  `estilo_categorias` varchar(45) DEFAULT NULL,
  `fechacre_categorias` timestamp NULL DEFAULT CURRENT_TIMESTAMP,
  `status_categorias` int(11) DEFAULT NULL,
  `usuario_id_usuario` int(11) NOT NULL,
  `categorias_id_categorias` int(11) NOT NULL,
  PRIMARY KEY (`id_categorias`),
  KEY `fk_categorias_usuario1` (`usuario_id_usuario`),
  KEY `fk_categorias_categorias1` (`categorias_id_categorias`)
) ENGINE=InnoDB  DEFAULT CHARSET=utf8 AUTO_INCREMENT=20 ;

--
-- Volcar la base de datos para la tabla `categories`
--

INSERT INTO `categories` (`id_categorias`, `parent_id`, `nombre_categorias`, `link_categorias`, `estilo_categorias`, `fechacre_categorias`, `status_categorias`, `usuario_id_usuario`, `categorias_id_categorias`) VALUES
(1, NULL, 'home', 'home', NULL, '2010-10-08 20:39:36', NULL, 1, 1),
(2, NULL, 'música', 'musica', NULL, '2010-10-08 20:46:45', NULL, 1, 1),
(3, NULL, 'tecnología', 'tecnologia', NULL, '2010-10-08 20:47:11', 0, 1, 1),
(4, NULL, 'videojuegos', 'videojuegos', NULL, '2010-10-08 20:47:19', 0, 1, 1),
(5, NULL, 'cine', 'cine', NULL, '2010-10-08 20:48:01', 0, 1, 1),
(6, NULL, 'eventos', 'eventos', NULL, '2011-01-06 15:12:52', 0, 1, 1),
(7, NULL, 'galería', 'galeria', NULL, '2011-01-06 15:16:13', 0, 1, 1),
(8, NULL, 'musica', 'musica', NULL, '2011-01-06 15:42:48', NULL, 1, 1),
(9, NULL, 'tecnologia', 'tecnologia', NULL, '2011-01-06 15:45:20', NULL, 1, 1),
(10, NULL, 'videojuegos', '', NULL, '2011-01-06 15:46:13', NULL, 1, 1),
(11, NULL, 'cine', NULL, NULL, '2011-01-06 15:46:50', NULL, 1, 1),
(12, NULL, 'eventos', NULL, NULL, '2011-01-06 15:49:09', NULL, 1, 1),
(13, NULL, 'galeria', 'galeria', NULL, '2011-01-06 15:49:32', NULL, 1, 1),
(18, NULL, 'videos', 'videos', NULL, '2011-03-04 22:09:52', NULL, 1, 1),
(19, NULL, 'Nuevas Bandas', NULL, NULL, '2011-06-09 16:16:44', NULL, 1, 1);

-- --------------------------------------------------------

--
-- Estructura de tabla para la tabla `ciudades`
--

CREATE TABLE IF NOT EXISTS `ciudades` (
  `ciudadId` int(8) NOT NULL AUTO_INCREMENT,
  `nombre` varchar(100) NOT NULL,
  `estadoId` int(8) NOT NULL DEFAULT '0',
  `ord` int(8) NOT NULL DEFAULT '0',
  PRIMARY KEY (`ciudadId`)
) ENGINE=MyISAM  DEFAULT CHARSET=utf8 AUTO_INCREMENT=555 ;

--
-- Volcar la base de datos para la tabla `ciudades`
--

INSERT INTO `ciudades` (`ciudadId`, `nombre`, `estadoId`, `ord`) VALUES
(38, 'Boca De Uchire', 2, 5),
(37, 'Bergantín', 2, 4),
(36, 'Barcelona', 2, 3),
(35, 'Aragua De Barcelona', 2, 2),
(34, 'Anaco', 2, 1),
(33, 'Yavita', 1, 33),
(32, 'Uasara', 1, 32),
(31, 'Sui', 1, 31),
(30, 'Solano', 1, 30),
(29, 'Santa Rosa De Amadona', 1, 29),
(28, 'Santa María Guaicas', 1, 28),
(27, 'San Raimundo', 1, 27),
(26, 'San Juan De Manapiare', 1, 26),
(25, 'San José', 1, 25),
(24, 'San Fernando De Atabapo', 1, 24),
(23, 'San Carlos Río Negro', 1, 23),
(22, 'San Antonio', 1, 22),
(21, 'Samariapo', 1, 21),
(20, 'Puerto Ayacucho', 1, 20),
(19, 'Pueblo Viejo', 1, 19),
(18, 'Platanal', 1, 18),
(17, 'Morganito', 1, 17),
(16, 'Monduapo', 1, 16),
(15, 'Misión Padomo', 1, 15),
(14, 'Maroa', 1, 14),
(13, 'Majanajana', 1, 13),
(12, 'Macanilla', 1, 12),
(11, 'Laja Jeboa', 1, 11),
(10, 'La Esmeralda', 1, 10),
(9, 'Guzmán Blanco', 1, 9),
(8, 'Guanajua', 1, 8),
(7, 'El Venado', 1, 7),
(6, 'El Oso', 1, 6),
(5, 'Cacuri', 1, 5),
(4, 'Cabadiseca', 1, 4),
(3, 'Buena Vista', 1, 3),
(2, 'Arataya', 1, 2),
(1, 'Anacadia', 1, 1),
(41, 'Clarines', 2, 8),
(40, 'Cantaura', 2, 7),
(39, 'Caigua', 2, 6),
(42, 'Curataquiche', 2, 9),
(43, 'El Carito', 2, 10),
(44, 'El Chaparro', 2, 11),
(45, 'El Hatillo', 2, 12),
(46, 'El Morro', 2, 13),
(47, 'El Tigre', 2, 14),
(48, 'El Tigrito (San José De Guanipa)', 2, 15),
(49, 'Guanape', 2, 15),
(50, 'Guanapito', 2, 16),
(51, 'Guanta', 2, 17),
(52, 'Guaribe', 2, 18),
(53, 'Lecherías', 2, 19),
(54, 'Mucura', 2, 20),
(55, 'Mundo Nuevo', 2, 21),
(56, 'Onoto', 2, 22),
(57, 'Palital', 2, 23),
(58, 'Paradero', 2, 24),
(59, 'Pardillal', 2, 25),
(60, 'Pariaguan', 2, 26),
(61, 'Pirara', 2, 27),
(62, 'Píritu', 2, 28),
(63, 'Pozuelos', 2, 29),
(64, 'Puerto La Cruz', 2, 30),
(65, 'Puerto Píritu', 2, 31),
(66, 'Putucual', 2, 32),
(67, 'Quiamare', 2, 33),
(68, 'Sabana De Uchire', 2, 34),
(69, 'San Diego De Cabrutica', 2, 35),
(70, 'San Francisco', 2, 36),
(71, 'San Joaquín', 2, 37),
(72, 'San Lorenzo', 2, 38),
(73, 'San Manuel', 2, 39),
(74, 'San Mateo', 2, 40),
(75, 'San Miguel', 2, 41),
(76, 'San Pedro', 2, 42),
(77, 'San Roque', 2, 43),
(78, 'San Tome', 2, 44),
(79, 'Santa Ana', 2, 45),
(80, 'Santa Cruz', 2, 46),
(81, 'Soledad', 2, 47),
(82, 'Urica', 2, 48),
(83, 'Valle Guanape', 2, 49),
(84, 'Achaguas', 3, 1),
(85, 'Biruaca', 3, 2),
(86, 'Bruzual', 3, 3),
(87, 'El Amparo', 3, 4),
(88, 'El Nula', 3, 5),
(89, 'Elorza', 3, 6),
(90, 'Guasdualito', 3, 7),
(91, 'Puerto Páez', 3, 8),
(92, 'San Fernando De Apure', 3, 9),
(93, 'San Juan De Payara', 3, 10),
(94, 'Cagua', 4, 1),
(95, 'Camatagua', 4, 2),
(96, 'Choroní', 4, 3),
(97, 'Colonia Tovar', 4, 4),
(98, 'El Consejo', 4, 5),
(99, 'La Victoria', 4, 6),
(100, 'Magdaleno', 4, 7),
(101, 'Maracay', 4, 8),
(102, 'Ocumare De La Costa', 4, 9),
(103, 'Palo Negro', 4, 10),
(104, 'San Casimiro', 4, 11),
(105, 'San Mateo', 4, 12),
(106, 'San Sebastián', 4, 13),
(107, 'Santa Cruz De Aragua', 4, 14),
(108, 'Tejerías', 4, 15),
(109, 'Turmero', 4, 16),
(110, 'Villa De Cura', 4, 17),
(111, 'Zuata', 4, 18),
(112, 'Barinas', 5, 1),
(113, 'Barinitas', 5, 2),
(114, 'Barrancas', 5, 3),
(115, 'Capitanejo', 5, 4),
(116, 'Ciudad Bolivia - Pedraza', 5, 5),
(117, 'El Cantón', 5, 6),
(118, 'Las Veguitas', 5, 7),
(119, 'Sabaneta', 5, 8),
(120, 'Santa Bárbara De Barinas', 5, 9),
(121, 'Socopo', 5, 10),
(122, 'Caicara Del Orinoco', 6, 1),
(123, 'Ciudad Bolívar', 6, 2),
(124, 'Ciudad Piar', 6, 3),
(125, 'El Callao', 6, 4),
(126, 'El Dorado', 6, 5),
(127, 'El Manteco', 6, 6),
(128, 'El Palmar', 6, 7),
(129, 'El Roble', 6, 8),
(130, 'Guasipati', 6, 9),
(131, 'La Paragua', 6, 10),
(132, 'Matanzas', 6, 11),
(133, 'Puerto Ordaz (Ciudad Guayana)', 6, 12),
(134, 'San Félix (Ciudad Guayana)', 6, 13),
(135, 'Santa Elena De Uairen', 6, 14),
(136, 'Tumeremo', 6, 15),
(137, 'Unare', 6, 16),
(138, 'Upata', 6, 17),
(139, 'Bejuma', 7, 1),
(140, 'Belén', 7, 2),
(141, 'Campo De Carabobo', 7, 3),
(142, 'Canoabo', 7, 4),
(143, 'Chirgua', 7, 5),
(144, 'El Palito', 7, 6),
(145, 'Guacara', 7, 7),
(146, 'Guigue', 7, 8),
(147, 'La Entrada', 7, 9),
(148, 'Las Trincheras', 7, 10),
(149, 'Los Guayos', 7, 11),
(150, 'Mariara', 7, 12),
(151, 'Miranda', 7, 13),
(152, 'Montalbán', 7, 14),
(153, 'Morón', 7, 15),
(154, 'Naguanagua', 7, 16),
(155, 'Puerto Cabello', 7, 17),
(156, 'San Joaquín', 7, 18),
(157, 'Tacarigua', 7, 19),
(158, 'Tocuyito', 7, 20),
(159, 'Urama', 7, 21),
(160, 'Valencia', 7, 22),
(161, 'El Baúl', 8, 1),
(162, 'El Pao', 8, 2),
(163, 'Las Vegas', 8, 3),
(164, 'San Carlos', 8, 4),
(165, 'Tinaco', 8, 5),
(166, 'Tinaquillo', 8, 6),
(167, 'Araguao', 9, 1),
(168, 'Boca De Macarao', 9, 2),
(169, 'Clavellina', 9, 3),
(170, 'Cojoida', 9, 4),
(171, 'Curiapo', 9, 5),
(172, 'Guarucara', 9, 6),
(173, 'Guiniquina', 9, 7),
(174, 'Isla De Cocuina', 9, 8),
(175, 'Jotajana', 9, 9),
(176, 'Juncalito', 9, 10),
(177, 'La Horqueta', 9, 11),
(178, 'Las Piedras', 9, 12),
(179, 'Los Castillos', 9, 13),
(180, 'Los Guires', 9, 14),
(181, 'Los Remolinos', 9, 15),
(182, 'Macareito', 9, 16),
(183, 'Manoa', 9, 17),
(184, 'Misión Araguaimujo', 9, 18),
(185, 'Misión San Francisco', 9, 19),
(186, 'Palo Blanco', 9, 20),
(187, 'Pedernales', 9, 21),
(188, 'Piacoa', 9, 22),
(189, 'Puerto Miranda', 9, 23),
(190, 'Sacupana', 9, 24),
(191, 'San José De Macareito', 9, 25),
(192, 'San Miguel', 9, 26),
(193, 'Santa Catalina', 9, 27),
(194, 'Tucupita', 9, 28),
(195, 'Caracas', 10, 1),
(196, 'El Junquito', 10, 2),
(197, 'Filas De Mariche', 10, 3),
(198, 'Turumo', 10, 4),
(199, 'Adicora', 11, 1),
(200, 'Boca De Aroa', 11, 2),
(201, 'Cabure', 11, 3),
(202, 'Capadare', 11, 4),
(203, 'Capatarida', 11, 5),
(204, 'Chichiriviche', 11, 6),
(205, 'Churuguara', 11, 7),
(206, 'Coro', 11, 8),
(207, 'Cumarebo', 11, 9),
(208, 'Dabajuro', 11, 10),
(209, 'Judibana', 11, 11),
(210, 'La Cruz De Taratara', 11, 12),
(211, 'La Vela De Coro', 11, 13),
(212, 'Los Taques', 11, 14),
(213, 'Maparari', 11, 15),
(214, 'Mene De Mauroa', 11, 16),
(215, 'Mirimire', 11, 17),
(216, 'Pedregal', 11, 18),
(217, 'Píritu', 11, 19),
(218, 'Pueblo Nuevo', 11, 20),
(219, 'Puerto Cumarebo', 11, 21),
(220, 'Punta Cardón', 11, 22),
(221, 'Punto Fijo', 11, 23),
(222, 'San Juan De Los Cayos', 11, 24),
(223, 'San Luis', 11, 25),
(224, 'Santa Ana', 11, 26),
(225, 'Santa Cruz De Bucaral', 11, 27),
(226, 'Tocopero', 11, 28),
(227, 'Tocuyo De La Costa', 11, 29),
(228, 'Tucacas', 11, 30),
(229, 'Yaracal', 11, 31),
(230, 'Altagracia De Orituco', 12, 1),
(231, 'Barbacoas', 12, 2),
(232, 'Cabruta', 12, 3),
(233, 'Calabozo', 12, 4),
(234, 'Camaguán', 12, 5),
(235, 'Chaguaramas', 12, 6),
(236, 'El Socorro', 12, 7),
(237, 'El Sombrero', 12, 8),
(238, 'Las Mercedes Del Llano', 12, 9),
(239, 'Lezama', 12, 10),
(240, 'Ortiz', 12, 11),
(241, 'San José De Guaribe', 12, 12),
(242, 'San Juan De Los Morros', 12, 13),
(243, 'Santa Maria De Ipire', 12, 14),
(244, 'Tucupido', 12, 15),
(245, 'Valle De La Pascua', 12, 16),
(246, 'Zaraza', 12, 17),
(247, 'Aguada Grande', 13, 1),
(248, 'Atarigua', 13, 2),
(249, 'Barquisimeto', 13, 3),
(250, 'Bobare', 13, 4),
(251, 'Cabudare', 13, 5),
(252, 'Carora', 13, 6),
(253, 'Cubiro', 13, 7),
(254, 'Duaca', 13, 8),
(255, 'El Tocuyo', 13, 9),
(256, 'Guarico', 13, 10),
(257, 'Humocaro Alto', 13, 11),
(258, 'Humocaro Bajo', 13, 12),
(259, 'Quibor', 13, 13),
(260, 'Río Claro', 13, 14),
(261, 'Sanare', 13, 15),
(262, 'Santa Inés', 13, 16),
(263, 'Sarare', 13, 17),
(264, 'Siquisique', 13, 18),
(265, 'Apartaderos', 14, 1),
(266, 'Arapuey', 14, 2),
(267, 'Bailadores', 14, 3),
(268, 'Caja Seca-Nva. Bolivia', 14, 4),
(269, 'Chachopo', 14, 5),
(270, 'Chiguara', 14, 6),
(271, 'Ejido', 14, 7),
(272, 'El Vigía', 14, 8),
(273, 'La Azulita', 14, 9),
(274, 'La Playa', 14, 10),
(275, 'Lagunillas', 14, 11),
(276, 'Mérida', 14, 12),
(277, 'Mesa De Bolívar', 14, 13),
(278, 'Mucuchies', 14, 14),
(279, 'Mucujepe', 14, 15),
(280, 'Mucuruba', 14, 16),
(281, 'Palmarito', 14, 17),
(282, 'Pueblo Llano', 14, 18),
(283, 'Santa Cruz De Mora', 14, 19),
(284, 'Santa Elena De Arenales', 14, 20),
(285, 'Santo Domingo', 14, 21),
(286, 'Tabay', 14, 22),
(287, 'Timotes', 14, 23),
(288, 'Torondoy', 14, 24),
(289, 'Tovar', 14, 25),
(290, 'Tucani', 14, 26),
(291, 'Zea', 14, 27),
(292, 'Araira', 15, 1),
(293, 'Carrizales', 15, 2),
(294, 'Caucagua', 15, 3),
(295, 'Charallave', 15, 4),
(296, 'Chirimena', 15, 5),
(297, 'Cúa', 15, 6),
(298, 'Cupira', 15, 7),
(299, 'Curiepe', 15, 8),
(300, 'El Guapo', 15, 9),
(301, 'El Jarillo', 15, 10),
(302, 'Guarenas', 15, 11),
(303, 'Guatire', 15, 12),
(304, 'Higuerote', 15, 13),
(305, 'Los Anaucos', 15, 14),
(306, 'Los Teques', 15, 15),
(307, 'Ocumare Del Tuy', 15, 16),
(308, 'Panaquire', 15, 17),
(309, 'Paracotos', 15, 18),
(310, 'Río Chico', 15, 19),
(311, 'San Antonio De Los Altos', 15, 20),
(312, 'San Fernando Del Guapo', 15, 21),
(313, 'San Francisco De Yare', 15, 22),
(314, 'San José De Los Altos', 15, 23),
(315, 'San José De Río Chico', 15, 24),
(316, 'San Pedro', 15, 25),
(317, 'Santa Lucía', 15, 26),
(318, 'Santa Teresa', 15, 27),
(319, 'Tacarigua De La Laguna', 15, 28),
(320, 'Tacarigua De Mamporal', 15, 29),
(321, 'Tácata', 15, 30),
(322, 'Aguasay', 16, 1),
(323, 'Aragua De Maturín', 16, 2),
(324, 'Barrancas', 16, 3),
(325, 'Caicara De Maturín', 16, 4),
(326, 'Caripe', 16, 5),
(327, 'Caripito', 16, 6),
(328, 'El Temblador', 16, 7),
(329, 'Jusepín', 16, 8),
(330, 'Maturín', 16, 9),
(331, 'Miraflores', 16, 10),
(332, 'Punta De Mata', 16, 11),
(333, 'Quiriquire', 16, 12),
(334, 'San Antonio Maturín', 16, 13),
(335, 'Agua De Vaca', 17, 1),
(336, 'Altagracia', 17, 2),
(337, 'Antolín', 17, 3),
(338, 'Atamo', 17, 4),
(339, 'Boca De Pozo', 17, 5),
(340, 'Boca De Río', 17, 6),
(341, 'Boquerón', 17, 7),
(342, 'Caserío Bolívar', 17, 8),
(343, 'El Bichar', 17, 9),
(344, 'El Cercado', 17, 10),
(345, 'El Espinal', 17, 11),
(346, 'El Palito', 17, 12),
(347, 'El Pilar', 17, 13),
(348, 'El Robledal', 17, 14),
(349, 'El Salado', 17, 15),
(350, 'El Tuy', 17, 16),
(351, 'El Valle Del Espíritu Santo', 17, 17),
(352, 'El Yaque', 17, 18),
(353, 'Guamache', 17, 19),
(354, 'Guayacancito', 17, 20),
(355, 'Guinima', 17, 21),
(356, 'Juan Griego', 17, 22),
(357, 'La Asunción', 17, 23),
(358, 'La Fuente', 17, 24),
(359, 'La Guardia', 17, 25),
(360, 'La Isleta', 17, 26),
(361, 'La Playa Pedro González', 17, 27),
(362, 'La Plaza', 17, 28),
(363, 'La Vecindad', 17, 29),
(364, 'Las Cabreras', 17, 30),
(365, 'Las Casitas', 17, 31),
(366, 'Las Hernández', 17, 32),
(367, 'Las Piedras', 17, 33),
(368, 'Los Bagres', 17, 34),
(369, 'Los Fermines', 17, 35),
(370, 'Los Gómez', 17, 36),
(371, 'Los Milanes', 17, 37),
(372, 'Macanao', 17, 38),
(373, 'Manzanillo', 17, 39),
(374, 'Pampatar', 17, 40),
(375, 'Paraguachí', 17, 41),
(376, 'Pedregales', 17, 42),
(377, 'Porlamar', 17, 43),
(378, 'Puerto Fermín', 17, 44),
(379, 'Punta De Piedras', 17, 45),
(380, 'Salamanca', 17, 46),
(381, 'San Antonio', 17, 47),
(382, 'San Francisco', 17, 48),
(383, 'San Juan Bautista', 17, 49),
(384, 'San Pedro, Isla De Coche', 17, 50),
(385, 'San Sebastián', 17, 51),
(386, 'Santa Ana', 17, 52),
(387, 'Tacarigua', 17, 53),
(388, 'Valle De Pedro González', 17, 54),
(389, 'Acarigua', 18, 1),
(390, 'Agua Blanca', 18, 2),
(391, 'Araure', 18, 3),
(392, 'Biscucuy', 18, 4),
(393, 'Boconoito', 18, 5),
(394, 'Campo Elías', 18, 6),
(395, 'Chabasquen', 18, 7),
(396, 'Guanare', 18, 8),
(397, 'Guanarito', 18, 9),
(398, 'La Aparición', 18, 10),
(399, 'La Misión', 18, 11),
(400, 'Mesa De Cavaca', 18, 12),
(401, 'Ospino', 18, 13),
(402, 'Papelón', 18, 14),
(403, 'Payara', 18, 15),
(404, 'Pimpinela', 18, 16),
(405, 'Píritu', 18, 17),
(406, 'San Rafael De Onoto', 18, 18),
(407, 'Santa Rosalía', 18, 19),
(408, 'Turen Villa Bruzual', 18, 20),
(409, 'Araya', 19, 1),
(410, 'Campo Claro', 19, 2),
(411, 'Cariaco', 19, 3),
(412, 'Carúpano', 19, 4),
(413, 'Casanay', 19, 5),
(414, 'Cumaná', 19, 6),
(415, 'Cumanacoa', 19, 7),
(416, 'El Pilar', 19, 8),
(417, 'El Rincón', 19, 9),
(418, 'Guiria', 19, 10),
(419, 'Irapa', 19, 11),
(420, 'Macuro', 19, 12),
(421, 'Manicuare', 19, 13),
(422, 'Mariguitar', 19, 14),
(423, 'Río Caribe', 19, 15),
(424, 'San Antonio De Irapa', 19, 16),
(425, 'San Antonio Del Golfo', 19, 17),
(426, 'San José De Aerocuar', 19, 18),
(427, 'Tunapuy', 19, 19),
(428, 'Yaguaraparo', 19, 20),
(429, 'Yoco', 19, 21),
(430, 'Abejales', 20, 1),
(431, 'Borota', 20, 2),
(432, 'Bramon', 20, 3),
(433, 'Colón', 20, 4),
(434, 'Coloncito', 20, 5),
(435, 'Cordero', 20, 6),
(436, 'El Cobre', 20, 7),
(437, 'El Piñal', 20, 8),
(438, 'Estación Táchira', 20, 9),
(439, 'Independencia', 20, 10),
(440, 'La Fría', 20, 11),
(441, 'La Grita', 20, 12),
(442, 'La Tendida', 20, 13),
(443, 'Las Delicias', 20, 14),
(444, 'Las Hernández', 20, 15),
(445, 'Lobatera', 20, 16),
(446, 'Michelena', 20, 17),
(447, 'Palmira', 20, 18),
(448, 'Pregonero', 20, 19),
(449, 'Queniquea', 20, 20),
(450, 'Rubio', 20, 21),
(451, 'San Antonio Del Táchira', 20, 22),
(452, 'San Cristóbal', 20, 23),
(453, 'San Josecito', 20, 24),
(454, 'Santa Ana', 20, 25),
(455, 'Seboruco', 20, 26),
(456, 'Táriba', 20, 27),
(457, 'Umuquena', 20, 28),
(458, 'Ureña', 20, 29),
(459, 'Batatal', 21, 1),
(460, 'Betijoque', 21, 2),
(461, 'Boconó', 21, 3),
(462, 'Carache', 21, 4),
(463, 'Chejende', 21, 5),
(464, 'Cuicas', 21, 6),
(465, 'El Dividive', 21, 7),
(466, 'El Jaguito', 21, 8),
(467, 'Escuque', 21, 9),
(468, 'Isnotu', 21, 10),
(469, 'La Ceiba', 21, 11),
(470, 'La Concepción', 21, 12),
(471, 'La Puerta', 21, 13),
(472, 'La Quebrada', 21, 14),
(473, 'Mendoza Fría', 21, 15),
(474, 'Meseta De Chimpire', 21, 16),
(475, 'Monay', 21, 17),
(476, 'Motatán', 21, 18),
(477, 'Pampan', 21, 19),
(478, 'Pampanito', 21, 20),
(479, 'Sabana De Mendoza', 21, 21),
(480, 'San Lázaro', 21, 22),
(481, 'Santa Ana', 21, 23),
(482, 'Santiago', 21, 24),
(483, 'Tostos', 21, 25),
(484, 'Trujillo', 21, 26),
(485, 'Valera', 21, 27),
(486, 'Anare', 22, 1),
(487, 'Caraballeda', 22, 2),
(488, 'Carayaca', 22, 3),
(489, 'Catia La Mar', 22, 4),
(490, 'La Guaira', 22, 5),
(491, 'La Sabana', 22, 6),
(492, 'Los Caracas', 22, 7),
(493, 'Los Roques', 22, 8),
(494, 'Macuto', 22, 9),
(495, 'Maiquetía', 22, 10),
(496, 'Naiquatá', 22, 11),
(497, 'Aroa', 23, 1),
(498, 'Campo Elías', 23, 2),
(499, 'Chivacoa', 23, 3),
(500, 'Cocorote', 23, 4),
(501, 'Farriar', 23, 5),
(502, 'Guama', 23, 6),
(503, 'Marín', 23, 7),
(504, 'Nirgua', 23, 8),
(505, 'Sabana De Parra', 23, 9),
(506, 'Salom', 23, 10),
(507, 'San Felipe', 23, 11),
(508, 'San Pablo', 23, 12),
(509, 'Urachiche', 23, 13),
(510, 'Yaritagua', 23, 14),
(511, 'Yumare', 23, 15),
(512, 'Bachaquero', 24, 1),
(513, 'Bobures', 24, 2),
(514, 'Cabimas', 24, 3),
(515, 'Campo Mara', 24, 4),
(516, 'Campo Rojo', 24, 5),
(517, 'Carrasquero', 24, 6),
(518, 'Casiguá', 24, 7),
(519, 'Chiquinquirá', 24, 8),
(520, 'Ciudad Ojeda', 24, 9),
(521, 'El Batey', 24, 10),
(522, 'El Carmelo', 24, 11),
(523, 'El Chivo', 24, 12),
(524, 'El Guayabo', 24, 13),
(525, 'El Venado', 24, 14),
(526, 'Encontrados', 24, 15),
(527, 'Gibraltar', 24, 16),
(528, 'Isla De Toas', 24, 17),
(529, 'La Concepción', 24, 18),
(530, 'La Paz', 24, 19),
(531, 'La Sierrita', 24, 20),
(532, 'Lagunillas', 24, 21),
(533, 'Las Piedras', 24, 22),
(534, 'Los Cortijos', 24, 23),
(535, 'Machiques', 24, 24),
(536, 'Maracaibo', 24, 25),
(537, 'Mene Grande', 24, 26),
(538, 'Palmarejo', 24, 27),
(539, 'Paraguaipoa', 24, 28),
(540, 'Potrerito', 24, 29),
(541, 'Pueblo Nuevo', 24, 30),
(542, 'Puertos De Altagracia', 24, 31),
(543, 'Punta Gorda', 24, 32),
(544, 'Sabaneta De Palma', 24, 33),
(545, 'San José De Perijá', 24, 34),
(546, 'San Rafael Del Moján', 24, 35),
(547, 'San Timoteo', 24, 36),
(548, 'Santa Bárbara Del Zulia', 24, 37),
(549, 'Santa Cruz De Mara', 24, 38),
(550, 'Santa Cruz Del Zulia', 24, 39),
(551, 'Santa Rita', 24, 40),
(552, 'Sinamaica', 24, 41),
(553, 'Tamare', 24, 42),
(554, 'Villa Del Rosario', 24, 43);

-- --------------------------------------------------------

--
-- Estructura de tabla para la tabla `estados`
--

CREATE TABLE IF NOT EXISTS `estados` (
  `estadoId` int(8) NOT NULL DEFAULT '0',
  `nombre` varchar(50) NOT NULL,
  `ord` int(8) NOT NULL DEFAULT '0',
  PRIMARY KEY (`estadoId`)
) ENGINE=MyISAM DEFAULT CHARSET=utf8;

--
-- Volcar la base de datos para la tabla `estados`
--

INSERT INTO `estados` (`estadoId`, `nombre`, `ord`) VALUES
(1, 'Amazonas', 1),
(2, 'Anzoátegui', 2),
(3, 'Apure', 3),
(4, 'Aragua', 4),
(5, 'Barinas', 5),
(6, 'Bolívar', 6),
(7, 'Carabobo', 7),
(8, 'Cojedes', 8),
(9, 'Delta Amacuro', 9),
(10, 'Distrito Capital', 10),
(11, 'Falcón', 11),
(12, 'Guárico', 12),
(13, 'Lara', 13),
(14, 'Mérida', 14),
(15, 'Miranda', 15),
(16, 'Monagas', 16),
(17, 'Nueva Esparta', 17),
(18, 'Portuguesa', 18),
(19, 'Sucre', 19),
(20, 'Táchira', 20),
(21, 'Trujillo', 21),
(22, 'Vargas', 22),
(23, 'Yaracuy', 23),
(24, 'Zulia', 24);

-- --------------------------------------------------------

--
-- Estructura de tabla para la tabla `galleries`
--

CREATE TABLE IF NOT EXISTS `galleries` (
  `id_galeria` int(11) NOT NULL AUTO_INCREMENT,
  `texto_galeria` varchar(255) DEFAULT NULL,
  `publicar` int(11) NOT NULL,
  `descripcion` text,
  `thumbnails` text NOT NULL,
  `url` varchar(255) DEFAULT NULL,
  `fechacre_galeria` timestamp NULL DEFAULT CURRENT_TIMESTAMP,
  `usuario_id_usuario` int(11) NOT NULL,
  `excluir` tinyint(4) NOT NULL DEFAULT '0',
  `claves` varchar(255) NOT NULL,
  PRIMARY KEY (`id_galeria`),
  KEY `fk_galeria_usuario1` (`usuario_id_usuario`),
  KEY `url` (`url`)
) ENGINE=InnoDB  DEFAULT CHARSET=latin1 AUTO_INCREMENT=72 ;

--
-- Volcar la base de datos para la tabla `galleries`
--

INSERT INTO `galleries` (`id_galeria`, `texto_galeria`, `publicar`, `descripcion`, `thumbnails`, `url`, `fechacre_galeria`, `usuario_id_usuario`, `excluir`, `claves`) VALUES
(3, 'Disco del día: “Chocolate Strafish And The Hot Dog Flavored Water" de Limp Bizkit', 1, 'Disco del día: “Chocolate Strafish And The Hot Dog Flavored Water” de Limp Bizkit', 'Galeria_Thumbnails_limpbizkit_chocolate0.jpg', 'disco-del-dia-chocolate-strafish-and-the-hot-dog-flavored-water-de-limp-bizkit', '2011-04-26 10:56:37', 6, 1, ''),
(4, 'Hypodive estrenó videoclip', 1, 'Hypodive', 'Galeria_Thumbnails_hypodive.jpg', 'hypodive-estreno-videoclip', '2011-04-26 14:40:21', 6, 1, ''),
(6, 'Sibelius Fest 2011', 1, 'Segunda edición del Sibelius Fest ', 'Thumbs_sibeliusfest.jpg', 'sibelius-fest-2011', '2011-04-26 14:57:44', 6, 1, ''),
(7, 'Lady Gaga', 1, 'La excéntrica neorkina Lady Gaga', 'Thumbs_ladygaga.jpg', 'lady-gaga', '2011-04-26 15:25:32', 6, 1, ''),
(8, 'Candy 66', 1, 'Candy 66', 'Thumbs_candy66.jpg', 'candy-66', '2011-04-26 15:53:00', 6, 1, ''),
(10, 'Rap Latino Fest', 0, 'Rap Latino Fest', 'Thumbs_raplatinofest.jpg', 'rap-latino-fest', '2011-04-26 16:19:27', 6, 1, ''),
(11, 'Don Tetto', 1, 'Don Tetto', 'Thumbs_dontetto.jpg', 'don-tetto', '2011-04-26 16:36:36', 6, 1, ''),
(12, 'Bioshaft ', 1, 'Banda de rock ', 'Thumbs_bioshaft.jpg', 'bioshaft', '2011-04-26 17:10:49', 6, 1, ''),
(13, 'Disco del día: "With The Beatles" de los The Beatles', 0, 'La Banda británica The Beatles', 'Thumbs_thebeatleswiththebeatles.jpg', 'disco-del-dia-with-the-beatles-de-los-the-beatles', '2011-04-27 10:22:08', 6, 1, ''),
(14, 'Sony anunció su "Sony Tablet"', 0, 'Sony se unió a la competencia de las tablets con su nueva "Sony Tablet"', 'Thumbs_sonytablet.jpg', 'sony-anuncio-su-sony-tablet', '2011-04-27 12:31:01', 6, 1, ''),
(16, 'Harry Potter y Las Reliquias de la Muerte Parte 2', 1, 'Ya está disponible en la web el primer trailer del épico final que llegará a las salas de cine el próximo 15 de julio', 'Thumbs_harrypotter_primertrailer0.jpg', 'harry-potter-y-las-reliquias-de-la-muerte-parte-2', '2011-04-28 10:09:33', 6, 1, ''),
(17, 'FIFA 12', 1, 'Nuevos detalles de FIFA 12', 'Galeria_Thumbnails1_fifa120.jpg', 'fifa-12', '2011-04-28 10:41:55', 6, 1, ''),
(18, 'EA anunció Los Sims 3 ¡Menuda Familia!', 1, 'Los Sims 3 ¡Menuda Familia! es el nuevo título del videojuego que llegó en el 2009 para quedarse', 'Thumbs_losisms3_menudafamilia.jpg', 'ea-anuncio-los-sims-3-menuda-familia', '2011-04-28 11:09:34', 6, 1, ''),
(19, 'Linterna Verde', 1, 'Nuevos detalles de Linterna Verde: Una de las películas más esperada por los amantes de los cómics', 'Thumbs_linternaverde.jpg', 'linterna-verde', '2011-04-28 11:41:20', 6, 1, ''),
(20, 'Nintendo 3DS', 1, 'Nintendo 3DS batió récord de ventas en Europa y ahora va por Estados Unidos', 'Thumbs_nintendo3ds.jpg', 'nintendo-3ds', '2011-04-28 12:07:47', 6, 1, ''),
(21, 'Nokia anunció el Nokia E6 y X7', 1, 'Nokia lanzó dos nuevos modelos, el Nokia E6 y XE, los cuales te van aimpresionar con sus características ', 'Thumbs_nokiae6_x7.jpg', 'nokia-anuncio-el-nokia-e6-y-x7', '2011-04-28 12:35:12', 6, 1, ''),
(22, 'Youtube quiere hacerle la competencia a la TV', 1, 'Youtube quiere estar en todo y ahora darle la pelea a la televisión ', 'Thumbs_youtube.jpg', 'youtube-quiere-hacerle-la-competencia-a-la-tv', '2011-04-28 12:51:01', 6, 1, ''),
(23, 'Twitter ha cambiado su página principal', 1, 'Twitter tiene nuevo Home ', 'Thumbs_twitter.jpg', 'twitter-ha-cambiado-su-pagina-principal', '2011-04-28 14:31:09', 6, 1, ''),
(25, 'Google lanza su propio "Me Gusta"', 1, 'Google se copia de Facebook y lanza su propio "Me Gusta"', 'Galeria_Thumbnails2_google.jpg', 'google-lanza-su-propio-me-gusta', '2011-04-28 15:15:30', 6, 1, ''),
(26, '"Your Highness"', 1, '"Your Highness" es la nueva película de James Franco y Natalie Portman que además tiene como director a Gordon Green (Piña Express)', 'Galeria_Thumbnails1_YOURHIGHNESS.jpg', 'your-highness', '2011-04-28 15:57:05', 6, 1, ''),
(27, 'Capitán América', 1, '"Capitán América" es una de las películas más esperadas en el 2011', 'Thumbs_CAPITANAMERICA.jpg', 'capitan-america', '2011-04-28 17:04:31', 6, 1, ''),
(28, 'RockSmith', 1, 'RockSmith: Nuevo videojuego con el que se puede usar una guitarra eléctrica real', 'Galeria_Thumbnails1_rocksmith.jpg', 'rocksmith', '2011-04-28 17:38:33', 6, 1, ''),
(29, 'RIM sacó su Playbook', 1, 'La PlayBook es la primera tablet de la candiense RIM, con la que pretende darle la pelea al iPad de la manzanita', 'Thumbs_playbook.jpg', 'rim-saco-su-playbook', '2011-05-02 11:35:25', 6, 1, ''),
(30, 'Sucker Punch', 1, 'Sucker Punch es la nueva película surrealista de Zac Snyder', 'Thumbs_suckerpunch.jpg', 'sucker-punch', '2011-05-02 12:05:46', 6, 1, ''),
(31, 'Kinect ', 1, 'El nuevo Kinect de Microsoft batió récord en ventas y entró al Guinness', 'Thumbs_kinect.jpg', 'kinect', '2011-05-02 13:11:34', 6, 1, ''),
(32, 'The Dark Knight ', 1, 'The Dark Knight será distribuida por Facebook', 'Thumbs_batman_warner.jpg', 'the-dark-knight', '2011-05-02 14:37:44', 6, 1, ''),
(33, 'Adobe anunció su  Creative Suite 5.5 Design Premium ', 1, 'El nuevo programa de Adobe le otorga al usuario la posibilidad de hacer magia con la computadora', 'Thumbs_adobecreative.jpg', 'adobe-anuncio-su-creative-suite-5-5-design-premium', '2011-05-03 09:34:52', 6, 1, ''),
(34, 'La tienda Ovi seigue creciendo', 1, 'La tienda digital de Nokia, Ovi, sigue creciendo', 'Thumbs_ovi.jpg', 'la-tienda-ovi-seigue-creciendo', '2011-05-03 10:49:58', 6, 1, ''),
(35, 'Estreno en los cines de "Gnomeo y Julieta"', 1, '"Gnomeo y Julieta" está basada en ls obra de Shakespeare sólo que aquí los protagonistas son gnomos', 'Thumbs_gnomeoyjulieta.jpg', 'estreno-en-los-cines-de-gnomeo-y-julieta', '2011-05-03 11:30:18', 6, 1, ''),
(36, 'Foursquare', 1, 'Foursquare cumplió dos años de haber estado en la web 2.0', 'Thumbs_foursquare.jpg', 'foursquare', '2011-05-03 12:43:12', 6, 1, ''),
(37, 'Sonica ', 1, 'Sonica lanza oficialmente su nuevo disco "Once" en los espacios del Hard Rock Café de Caracas', 'Thumbs_sonica_nota.jpg', 'sonica', '2011-05-04 09:45:02', 6, 1, ''),
(38, 'Luz Verde en Venezuela', 1, 'Los Luz Verde vendrán por única vez a Venezuela este 2011 para hacer una gira, donde promocionarán su disco "En Llamas".', 'Thumbs_luzverde.jpg', 'luz-verde-en-venezuela', '2011-05-04 11:51:14', 6, 1, ''),
(39, 'The Asbestos', 1, 'Los Asbestos se juntaron con Zapata 666 para grabar su nuevo videoclip "She"', 'Thumbs_theasbestos.jpg', 'the-asbestos', '2011-05-04 12:20:02', 6, 1, ''),
(40, 'Ulises Hadjis', 1, 'El cantautor venezolano será el encargado de abrir los conciertos de Julieta Venegas en Venezuela', 'Thumbs_uliseshadjis.jpg', 'ulises-hadjis', '2011-05-05 15:00:15', 6, 1, ''),
(41, 'Evanescence ', 1, 'Evanescence ya est´ña en los estudios de grabación cocinando su nuevo disco', 'Thumbs_evanescence.jpg', 'evanescence', '2011-05-05 15:53:01', 6, 1, ''),
(42, 'Sony podría revelar detalles de su NGP en el E3', 1, 'Desde hace un tiempo está corriendo el rumor de que Sony podría presentar su nuevo NGP en el E3', 'Thumbs_sonyNGP_POSIBLE.jpg', 'sony-podria-revelar-detalles-de-su-ngp-en-el-e3', '2011-05-05 17:42:28', 6, 1, ''),
(43, 'Sony renueva el concepto de Televisión', 1, 'Sony redefine el concepto de televisión con sus nuevos Bravia. ', 'Thumbs_sonybravia.jpg', 'sony-renueva-el-concepto-de-television', '2011-05-06 12:12:52', 6, 1, ''),
(44, 'Miley Cyrus', 1, 'La ex Hannah Montana quiere recurar el millón de seguidores que tenía en twitter.', 'Thumbs_mileycyrus_video_concurso.jpg', 'miley-cyrus', '2011-05-06 14:03:07', 6, 1, ''),
(45, 'Incubus', 1, 'Luego de un receso musical de seis años los Incubus sacarán un nuevo material discográfico titulado “If Not Now, When”', 'Thumbs_incubus.jpg', 'incubus', '2011-05-09 12:26:45', 6, 1, ''),
(46, 'The Strokes', 1, 'Luego del estreno de "Angles", Casablancas y compañía siguen trabajando y sacaron un nuevo videoclip titulado "Call Me Back"', 'Thumbs_thestrokes.jpg', 'the-strokes', '2011-05-09 13:06:53', 6, 1, ''),
(47, 'Swedish House Mafia', 1, 'Swedish Houese Mafia se viene en este 2011 con nuevo sencillo "Save The World"', 'Thumbs_swedishhousemafia.jpg', 'swedish-house-mafia', '2011-05-10 11:40:01', 6, 1, ''),
(48, 'Arctick Monkeys', 1, 'Los Arctick Monkeys se vienen con nuevo material', 'Thumbs_arcticmonkeys.jpg', 'arctick-monkeys', '2011-05-11 12:07:10', 6, 1, ''),
(49, 'Beastie Boys', 1, 'Los Beastie Boys estrenan año con nuevo material discográfico', 'Thumbs_beastieboys.jpg', 'beastie-boys', '2011-05-11 12:37:10', 6, 1, ''),
(50, 'Katy Perry', 0, 'Luego de tener su sencillo promocional "E.T" en el primer lugar de las listas de Billboard, Katy Perry ha ganado un Disco de Oro en Colombia por su álbum "Teenage Dream"', 'Thumbs_katyperyy.jpg', 'katy-perry', '2011-05-12 11:37:16', 6, 1, ''),
(51, 'Gran Turismo 5', 1, 'Te traemos algunos truquitos para que te luzcas como todo un experto en Gran Turismo 5', 'Thumbs_granturismo5.jpg', 'gran-turismo-5', '2011-05-12 12:09:02', 6, 1, ''),
(52, 'Henry Cavill', 1, 'Por primera vez un británico interpretará en la gran pantalla al gran Superman. Esta responsabilidad está en las manos de Henry Cavill bajo el lente de Zack Snyder', 'Thumbs_henrycavill.jpg', 'henry-cavill', '2011-05-16 10:37:42', 6, 1, ''),
(53, 'Amy Adams', 1, 'Amy Adams será Lois Lane en el nuevo Superman que protagonizará Henry Cavill y que estará en las manos de Zack Snyder', 'Thumbs_amyadams.jpg', 'amy-adams', '2011-05-16 11:04:55', 6, 1, ''),
(54, 'Piratas del Caribe: Navegando en Aguas Misteriosas', 1, 'En Mayo llegará a la gran pantalla la cuarta entrega de Piratas del Caribe, nuavamente con Johnny Depp como el Capitán Jack Sparrow ', 'Thumbs_piratasdelcaribe4.jpg', 'piratas-del-caribe-navegando-en-aguas-misteriosas', '2011-05-16 11:27:14', 6, 1, ''),
(55, 'Good Charlotte', 1, 'Good Charlotte comenzó este 2011 dándole publicidad a su último álbum de estudio "Cardioly" con el videoclip "Last Night"', 'Thumbs_goodcharlotte.jpg', 'good-charlotte', '2011-05-16 12:19:04', 6, 1, ''),
(56, 'Britney Spears', 0, 'Britney Spears está en plena promoción de su séptimo álbum de estudio "Femme Fatale" y para esto ha grabado videos y se irá de gira el próximo verano', 'Thumbs_britney.jpg', 'britney-spears', '2011-05-18 11:38:18', 6, 1, ''),
(57, 'Showcase de Sonica', 1, 'Sonica realizó un Showcase para hacer oficial el lanzamiento de su nuevo disco "Once" y nosotros estuvimos allí', 'Thumbs_sonica.jpg', 'showcase-de-sonica', '2011-05-18 12:05:32', 6, 1, ''),
(58, 'Avril Lavigne', 1, 'Avril Lavigne sigue con la promoción de su cuarto disco "Goodbye Lullaby", ya que ahora lanzó su segundo sencillo "Smile" con videoclip y todo', 'Thumbs_avrillavigne.jpg', 'avril-lavigne', '2011-05-20 11:36:19', 6, 1, ''),
(59, 'Arte microscópico encontrado en las computadoras', 1, 'La empresa Chipworks encontró arte microscópico escondido dentro de las computadoras', 'Thumbs_chips.jpg', 'arte-microscopico-encontrado-en-las-computadoras', '2011-05-20 12:00:20', 6, 1, ''),
(60, 'Microsoft tiene nuevas cosas para desarrolladores de Xbox 360', 1, 'Microsoft anunció nuevas cosas para los desarrolladores de Xbox 360', 'Thumbs_xbox360.jpg', 'microsoft-tiene-nuevas-cosas-para-desarrolladores-de-xbox-360', '2011-05-20 13:06:48', 6, 1, ''),
(61, 'Billboard 2011', 1, 'La noche del domingo 22 de mayo en los Billboard 2011 fue toda una sorpresa y aquí te dejamos algunas imágenes de lo que ocurrió ese día', 'Thumbs_billboard2011.jpg', 'billboard-2011', '2011-05-23 11:00:18', 6, 1, ''),
(62, 'Wii Play Motion', 1, 'Nintendo reveló el trailer de su Wii Play Motion, que tiene incluido 12 minijuegos', 'Thumbs_wiiplaymotion.jpg', 'wii-play-motion', '2011-05-24 12:35:29', 6, 1, ''),
(63, 'iTunes', 1, 'Apple lanzará un iTunes con el que se podrá escuchar las canciones desde la "nube"', 'Thumbs_itunes.jpg', 'itunes', '2011-05-26 09:50:18', 6, 1, ''),
(64, 'John Lennon - Plastic Ono Band', 1, 'El primer disco de John Lennon como solista "John Lennon/Plastic Ono Band" ', 'Thumbs_johnlennon_plastic.jpg', 'john-lennon-plastic-ono-band', '2011-05-26 10:38:01', 6, 1, ''),
(65, 'Stevie Wonder - Talking Book', 1, 'El disco más sentimental del gran Stevie Wonder "Talking Book"', 'Thumbs_steviewonder_talkingbook.jpg', 'stevie-wonder-talking-book', '2011-05-26 10:47:27', 6, 1, ''),
(66, 'Paramore', 1, 'Paramore sigue adelante y los Farro ya no les hacen falta, pues se vienen con nuevas sorpresas en este 2011', 'Thumbs_paramore.jpg', 'paramore', '2011-05-26 11:48:39', 6, 1, ''),
(67, 'Pink Floyd - "The Piper At The Gates Dawn"', 1, '"The Piper At The Gates Dawn" es uno de los discos más influyentes de la historia de la música', 'Thumbs_pinkfloyd_thepiper.jpg', 'pink-floyd-the-piper-at-the-gates-dawn', '2011-05-27 10:17:31', 6, 1, ''),
(68, 'Nirvana - "Nevermind"', 1, 'Uno de los mejores discos de los 90 es "Nevermind" de Nirvana', 'Thumbs_nirvana_nevermind.jpg', 'nirvana-nevermind', '2011-05-31 09:51:39', 6, 1, ''),
(69, 'MTV Movie Awards 2011', 1, 'Algunos de los momentos que ocurrieron en los Mtv Movie Awards 2011, donde la saga de vampiros chupasangre salió victoriosa', 'Thumbs_mtvmovie2011.jpg', 'mtv-movie-awards-2011', '2011-06-06 12:39:36', 6, 1, ''),
(70, 'Festival Nuevas Bandas 2011', 1, 'Abiertas las inscripciones para el Festival Nuevas Bandas 2011', 'Thumbs_fnb.jpg', 'festival-nuevas-bandas-2011', '2011-06-06 12:57:47', 6, 1, ''),
(71, 'Festival Kikiriwiki 2011', 1, 'Se viene el Festival Kikiriwiki 2011', 'Thumbs_kikiriwiki2011.jpg', 'festival-kikiriwiki-2011', '2011-06-06 13:05:58', 6, 1, '');

-- --------------------------------------------------------

--
-- Estructura de tabla para la tabla `groups`
--

CREATE TABLE IF NOT EXISTS `groups` (
  `idgrupos` int(11) NOT NULL AUTO_INCREMENT,
  `name_grupos` varchar(45) DEFAULT NULL,
  `titulo_grupos` varchar(45) DEFAULT NULL,
  `fechacrea_grupo` timestamp NULL DEFAULT CURRENT_TIMESTAMP,
  PRIMARY KEY (`idgrupos`)
) ENGINE=InnoDB  DEFAULT CHARSET=utf8 AUTO_INCREMENT=2 ;

--
-- Volcar la base de datos para la tabla `groups`
--

INSERT INTO `groups` (`idgrupos`, `name_grupos`, `titulo_grupos`, `fechacrea_grupo`) VALUES
(1, 'administradores', 'admin', '2010-10-08 20:36:22');

-- --------------------------------------------------------

--
-- Estructura de tabla para la tabla `pages`
--

CREATE TABLE IF NOT EXISTS `pages` (
  `id_page` int(11) NOT NULL,
  `nombre` varchar(55) DEFAULT NULL
) ENGINE=InnoDB DEFAULT CHARSET=latin1;

--
-- Volcar la base de datos para la tabla `pages`
--


-- --------------------------------------------------------

--
-- Estructura de tabla para la tabla `paises`
--

CREATE TABLE IF NOT EXISTS `paises` (
  `paisId` int(11) NOT NULL AUTO_INCREMENT,
  `isoNum` smallint(6) DEFAULT NULL,
  `iso2` char(2) DEFAULT NULL,
  `iso3` char(3) DEFAULT NULL,
  `nombre` varchar(80) DEFAULT NULL,
  `codtel` int(11) DEFAULT NULL,
  `prioridad` int(11) NOT NULL,
  PRIMARY KEY (`paisId`),
  UNIQUE KEY `codtel` (`codtel`)
) ENGINE=MyISAM  DEFAULT CHARSET=latin1 AUTO_INCREMENT=241 ;

--
-- Volcar la base de datos para la tabla `paises`
--

INSERT INTO `paises` (`paisId`, `isoNum`, `iso2`, `iso3`, `nombre`, `codtel`, `prioridad`) VALUES
(1, 4, 'AF', 'AFG', 'Afganistán', 93, 0),
(2, 248, 'AX', 'ALA', 'Islas Gland', NULL, 0),
(3, 8, 'AL', 'ALB', 'Albania', 355, 0),
(4, 276, 'DE', 'DEU', 'Alemania', 49, 0),
(5, 20, 'AD', 'AND', 'Andorra', 376, 0),
(6, 24, 'AO', 'AGO', 'Angola', 244, 0),
(7, 660, 'AI', 'AIA', 'Anguilla', NULL, 0),
(8, 10, 'AQ', 'ATA', 'Antártida', NULL, 0),
(9, 28, 'AG', 'ATG', 'Antigua y Barbuda', NULL, 0),
(10, 530, 'AN', 'ANT', 'Antillas Holandesas', NULL, 0),
(11, 682, 'SA', 'SAU', 'Arabia Saudí', NULL, 0),
(12, 12, 'DZ', 'DZA', 'Argelia', 213, 0),
(13, 32, 'AR', 'ARG', 'Argentina', 54, 1),
(14, 51, 'AM', 'ARM', 'Armenia', 374, 0),
(15, 533, 'AW', 'ABW', 'Aruba', 297, 0),
(16, 36, 'AU', 'AUS', 'Australia', 61, 0),
(17, 40, 'AT', 'AUT', 'Austria', 43, 0),
(18, 31, 'AZ', 'AZE', 'Azerbaiyán', 994, 0),
(19, 44, 'BS', 'BHS', 'Bahamas', NULL, 0),
(20, 48, 'BH', 'BHR', 'Bahréin', 973, 0),
(21, 50, 'BD', 'BGD', 'Bangladesh', 880, 0),
(22, 52, 'BB', 'BRB', 'Barbados', NULL, 0),
(23, 112, 'BY', 'BLR', 'Bielorrusia', 375, 0),
(24, 56, 'BE', 'BEL', 'Bélgica', 32, 0),
(25, 84, 'BZ', 'BLZ', 'Belice', 501, 0),
(26, 204, 'BJ', 'BEN', 'Benin', 229, 0),
(27, 60, 'BM', 'BMU', 'Bermudas', NULL, 0),
(28, 64, 'BT', 'BTN', 'Bhután', NULL, 0),
(29, 68, 'BO', 'BOL', 'Bolivia', 591, 0),
(30, 70, 'BA', 'BIH', 'Bosnia y Herzegovina', 387, 0),
(31, 72, 'BW', 'BWA', 'Botsuana', 267, 0),
(32, 74, 'BV', 'BVT', 'Isla Bouvet', NULL, 0),
(33, 76, 'BR', 'BRA', 'Brasil', 55, 0),
(34, 96, 'BN', 'BRN', 'Brunéi', 673, 0),
(35, 100, 'BG', 'BGR', 'Bulgaria', 359, 0),
(36, 854, 'BF', 'BFA', 'Burkina Faso', 226, 0),
(37, 108, 'BI', 'BDI', 'Burundi', 257, 0),
(38, 132, 'CV', 'CPV', 'Cabo Verde', 238, 0),
(39, 136, 'KY', 'CYM', 'Islas Caimán', NULL, 0),
(40, 116, 'KH', 'KHM', 'Camboya', 855, 0),
(41, 120, 'CM', 'CMR', 'Camerún', 237, 0),
(42, 124, 'CA', 'CAN', 'Canadá', NULL, 0),
(43, 140, 'CF', 'CAF', 'República Centroafricana', 236, 0),
(44, 148, 'TD', 'TCD', 'Chad', 235, 0),
(45, 203, 'CZ', 'CZE', 'República Checa', 420, 0),
(46, 152, 'CL', 'CHL', 'Chile', 56, 0),
(47, 156, 'CN', 'CHN', 'China', 86, 0),
(48, 196, 'CY', 'CYP', 'Chipre', 357, 0),
(49, 162, 'CX', 'CXR', 'Isla de Navidad', NULL, 0),
(50, 336, 'VA', 'VAT', 'Ciudad del Vaticano', 379, 0),
(51, 166, 'CC', 'CCK', 'Islas Cocos', NULL, 0),
(52, 170, 'CO', 'COL', 'Colombia', 57, 0),
(53, 174, 'KM', 'COM', 'Comoras', NULL, 0),
(54, 180, 'CD', 'COD', 'República Democrática del Congo', 243, 0),
(55, 178, 'CG', 'COG', 'Congo', NULL, 0),
(56, 184, 'CK', 'COK', 'Islas Cook', 682, 0),
(57, 408, 'KP', 'PRK', 'Corea del Norte', 850, 0),
(58, 410, 'KR', 'KOR', 'Corea del Sur', 82, 0),
(59, 384, 'CI', 'CIV', 'Costa de Marfil', 225, 0),
(60, 188, 'CR', 'CRI', 'Costa Rica', 506, 0),
(61, 191, 'HR', 'HRV', 'Croacia', 385, 0),
(62, 192, 'CU', 'CUB', 'Cuba', 53, 0),
(63, 208, 'DK', 'DNK', 'Dinamarca', 45, 0),
(64, 212, 'DM', 'DMA', 'Dominica', NULL, 0),
(65, 214, 'DO', 'DOM', 'República Dominicana', NULL, 0),
(66, 218, 'EC', 'ECU', 'Ecuador', 593, 0),
(67, 818, 'EG', 'EGY', 'Egipto', 20, 0),
(68, 222, 'SV', 'SLV', 'El Salvador', 503, 0),
(69, 784, 'AE', 'ARE', 'Emiratos Árabes Unidos', 971, 0),
(70, 232, 'ER', 'ERI', 'Eritrea', NULL, 0),
(71, 703, 'SK', 'SVK', 'Eslovaquia', 421, 0),
(72, 705, 'SI', 'SVN', 'Eslovenia', 386, 0),
(73, 724, 'ES', 'ESP', 'España', 34, 0),
(74, 581, 'UM', 'UMI', 'Islas ultramarinas de Estados Unidos', NULL, 0),
(75, 840, 'US', 'USA', 'Estados Unidos', 1, 0),
(76, 233, 'EE', 'EST', 'Estonia', 372, 0),
(77, 231, 'ET', 'ETH', 'Etiopía', 251, 0),
(78, 234, 'FO', 'FRO', 'Islas Feroe', 298, 0),
(79, 608, 'PH', 'PHL', 'Filipinas', 63, 0),
(80, 246, 'FI', 'FIN', 'Finlandia', 358, 0),
(81, 242, 'FJ', 'FJI', 'Fiyi', 679, 0),
(82, 250, 'FR', 'FRA', 'Francia', 33, 0),
(83, 266, 'GA', 'GAB', 'Gabón', 241, 0),
(84, 270, 'GM', 'GMB', 'Gambia', 220, 0),
(85, 268, 'GE', 'GEO', 'Georgia', 995, 0),
(86, 239, 'GS', 'SGS', 'Islas Georgias del Sur y Sandwich del Sur', NULL, 0),
(87, 288, 'GH', 'GHA', 'Ghana', 233, 0),
(88, 292, 'GI', 'GIB', 'Gibraltar', 350, 0),
(89, 308, 'GD', 'GRD', 'Granada', NULL, 0),
(90, 300, 'GR', 'GRC', 'Grecia', 30, 0),
(91, 304, 'GL', 'GRL', 'Groenlandia', 299, 0),
(92, 312, 'GP', 'GLP', 'Guadalupe', 590, 0),
(93, 316, 'GU', 'GUM', 'Guam', NULL, 0),
(94, 320, 'GT', 'GTM', 'Guatemala', 502, 0),
(95, 254, 'GF', 'GUF', 'Guayana Francesa', 594, 0),
(96, 324, 'GN', 'GIN', 'Guinea', 224, 0),
(97, 226, 'GQ', 'GNQ', 'Guinea Ecuatorial', 240, 0),
(98, 624, 'GW', 'GNB', 'Guinea-Bissau', NULL, 0),
(99, 328, 'GY', 'GUY', 'Guyana', 592, 0),
(100, 332, 'HT', 'HTI', 'Haití', 509, 0),
(101, 334, 'HM', 'HMD', 'Islas Heard y McDonald', NULL, 0),
(102, 340, 'HN', 'HND', 'Honduras', 504, 0),
(103, 344, 'HK', 'HKG', 'Hong Kong', 852, 0),
(104, 348, 'HU', 'HUN', 'Hungría', 36, 0),
(105, 356, 'IN', 'IND', 'India', 91, 0),
(106, 360, 'ID', 'IDN', 'Indonesia', 62, 0),
(107, 364, 'IR', 'IRN', 'Irán', 98, 0),
(108, 368, 'IQ', 'IRQ', 'Iraq', 964, 0),
(109, 372, 'IE', 'IRL', 'Irlanda', 353, 0),
(110, 352, 'IS', 'ISL', 'Islandia', 354, 0),
(111, 376, 'IL', 'ISR', 'Israel', 972, 0),
(112, 380, 'IT', 'ITA', 'Italia', 39, 0),
(113, 388, 'JM', 'JAM', 'Jamaica', NULL, 0),
(114, 392, 'JP', 'JPN', 'Japón', 81, 0),
(115, 400, 'JO', 'JOR', 'Jordania', 962, 0),
(116, 398, 'KZ', 'KAZ', 'Kazajstán', NULL, 0),
(117, 404, 'KE', 'KEN', 'Kenia', 254, 0),
(118, 417, 'KG', 'KGZ', 'Kirguistán', 996, 0),
(119, 296, 'KI', 'KIR', 'Kiribati', 686, 0),
(120, 414, 'KW', 'KWT', 'Kuwait', 965, 0),
(121, 418, 'LA', 'LAO', 'Laos', 856, 0),
(122, 426, 'LS', 'LSO', 'Lesotho', 266, 0),
(123, 428, 'LV', 'LVA', 'Letonia', 371, 0),
(124, 422, 'LB', 'LBN', 'Líbano', 961, 0),
(125, 430, 'LR', 'LBR', 'Liberia', 231, 0),
(126, 434, 'LY', 'LBY', 'Libia', 218, 0),
(127, 438, 'LI', 'LIE', 'Liechtenstein', 423, 0),
(128, 440, 'LT', 'LTU', 'Lituania', 370, 0),
(129, 442, 'LU', 'LUX', 'Luxemburgo', 352, 0),
(130, 446, 'MO', 'MAC', 'Macao', 853, 0),
(131, 807, 'MK', 'MKD', 'ARY Macedonia', 389, 0),
(132, 450, 'MG', 'MDG', 'Madagascar', 261, 0),
(133, 458, 'MY', 'MYS', 'Malasia', 60, 0),
(134, 454, 'MW', 'MWI', 'Malawi', 265, 0),
(135, 462, 'MV', 'MDV', 'Maldivas', 960, 0),
(136, 466, 'ML', 'MLI', 'Malí', 223, 0),
(137, 470, 'MT', 'MLT', 'Malta', 356, 0),
(138, 238, 'FK', 'FLK', 'Islas Malvinas', 500, 0),
(139, 580, 'MP', 'MNP', 'Islas Marianas del Norte', NULL, 0),
(140, 504, 'MA', 'MAR', 'Marruecos', 210, 0),
(141, 584, 'MH', 'MHL', 'Islas Marshall', 692, 0),
(142, 474, 'MQ', 'MTQ', 'Martinica', 596, 0),
(143, 480, 'MU', 'MUS', 'Mauricio', 230, 0),
(144, 478, 'MR', 'MRT', 'Mauritania', 222, 0),
(145, 175, 'YT', 'MYT', 'Mayotte', NULL, 0),
(146, 484, 'MX', 'MEX', 'México', 52, 0),
(147, 583, 'FM', 'FSM', 'Micronesia', 691, 0),
(148, 498, 'MD', 'MDA', 'Moldavia', 373, 0),
(149, 492, 'MC', 'MCO', 'Mónaco', 377, 0),
(150, 496, 'MN', 'MNG', 'Mongolia', 976, 0),
(151, 500, 'MS', 'MSR', 'Montserrat', NULL, 0),
(152, 508, 'MZ', 'MOZ', 'Mozambique', 258, 0),
(153, 104, 'MM', 'MMR', 'Myanmar', 95, 0),
(154, 516, 'NA', 'NAM', 'Namibia', 264, 0),
(155, 520, 'NR', 'NRU', 'Nauru', 674, 0),
(156, 524, 'NP', 'NPL', 'Nepal', 977, 0),
(157, 558, 'NI', 'NIC', 'Nicaragua', 505, 0),
(158, 562, 'NE', 'NER', 'Níger', NULL, 0),
(159, 566, 'NG', 'NGA', 'Nigeria', 227, 0),
(160, 570, 'NU', 'NIU', 'Niue', 683, 0),
(161, 574, 'NF', 'NFK', 'Isla Norfolk', NULL, 0),
(162, 578, 'NO', 'NOR', 'Noruega', 47, 0),
(163, 540, 'NC', 'NCL', 'Nueva Caledonia', 687, 0),
(164, 554, 'NZ', 'NZL', 'Nueva Zelanda', 64, 0),
(165, 512, 'OM', 'OMN', 'Omán', 968, 0),
(166, 528, 'NL', 'NLD', 'Países Bajos', 31, 0),
(167, 586, 'PK', 'PAK', 'Pakistán', 92, 0),
(168, 585, 'PW', 'PLW', 'Palau', 680, 0),
(169, 275, 'PS', 'PSE', 'Palestina', 970, 0),
(170, 591, 'PA', 'PAN', 'Panamá', 507, 0),
(171, 598, 'PG', 'PNG', 'Papúa Nueva Guinea', 675, 0),
(172, 600, 'PY', 'PRY', 'Paraguay', NULL, 0),
(173, 604, 'PE', 'PER', 'Perú', 51, 0),
(174, 612, 'PN', 'PCN', 'Islas Pitcairn', NULL, 0),
(175, 258, 'PF', 'PYF', 'Polinesia Francesa', 689, 0),
(176, 616, 'PL', 'POL', 'Polonia', 48, 0),
(177, 620, 'PT', 'PRT', 'Portugal', 351, 0),
(178, 630, 'PR', 'PRI', 'Puerto Rico', NULL, 0),
(179, 634, 'QA', 'QAT', 'Qatar', 974, 0),
(180, 826, 'GB', 'GBR', 'Reino Unido', 44, 0),
(181, 638, 'RE', 'REU', 'Reunión', 262, 0),
(182, 646, 'RW', 'RWA', 'Ruanda', 250, 0),
(183, 642, 'RO', 'ROU', 'Rumania', 40, 0),
(184, 643, 'RU', 'RUS', 'Rusia', NULL, 0),
(185, 732, 'EH', 'ESH', 'Sahara Occidental', NULL, 0),
(186, 90, 'SB', 'SLB', 'Islas Salomón', 677, 0),
(187, 882, 'WS', 'WSM', 'Samoa', 685, 0),
(188, 16, 'AS', 'ASM', 'Samoa Americana', 684, 0),
(189, 659, 'KN', 'KNA', 'San Cristóbal y Nevis', NULL, 0),
(190, 674, 'SM', 'SMR', 'San Marino', 378, 0),
(191, 666, 'PM', 'SPM', 'San Pedro y Miquelón', 508, 0),
(192, 670, 'VC', 'VCT', 'San Vicente y las Granadinas', NULL, 0),
(193, 654, 'SH', 'SHN', 'Santa Helena', 290, 0),
(194, 662, 'LC', 'LCA', 'Santa Lucía', NULL, 0),
(195, 678, 'ST', 'STP', 'Santo Tomé y Príncipe', 239, 0),
(196, 686, 'SN', 'SEN', 'Senegal', 221, 0),
(197, 891, 'CS', 'SCG', 'Serbia y Montenegro', NULL, 0),
(198, 690, 'SC', 'SYC', 'Seychelles', 248, 0),
(199, 694, 'SL', 'SLE', 'Sierra Leona', 232, 0),
(200, 702, 'SG', 'SGP', 'Singapur', 65, 0),
(201, 760, 'SY', 'SYR', 'Siria', 963, 0),
(202, 706, 'SO', 'SOM', 'Somalia', 252, 0),
(203, 144, 'LK', 'LKA', 'Sri Lanka', 94, 0),
(204, 748, 'SZ', 'SWZ', 'Suazilandia', 268, 0),
(205, 710, 'ZA', 'ZAF', 'Sudáfrica', 27, 0),
(206, 736, 'SD', 'SDN', 'Sudán', 249, 0),
(207, 752, 'SE', 'SWE', 'Suecia', 46, 0),
(208, 756, 'CH', 'CHE', 'Suiza', 41, 0),
(209, 740, 'SR', 'SUR', 'Surinam', 597, 0),
(210, 744, 'SJ', 'SJM', 'Svalbard y Jan Mayen', NULL, 0),
(211, 764, 'TH', 'THA', 'Tailandia', 66, 0),
(212, 158, 'TW', 'TWN', 'Taiwán', 886, 0),
(213, 834, 'TZ', 'TZA', 'Tanzania', 255, 0),
(214, 762, 'TJ', 'TJK', 'Tayikistán', 992, 0),
(215, 86, 'IO', 'IOT', 'Territorio Británico del Océano Índico', NULL, 0),
(216, 260, 'TF', 'ATF', 'Territorios Australes Franceses', NULL, 0),
(217, 626, 'TL', 'TLS', 'Timor Oriental', NULL, 0),
(218, 768, 'TG', 'TGO', 'Togo', 228, 0),
(219, 772, 'TK', 'TKL', 'Tokelau', 690, 0),
(220, 776, 'TO', 'TON', 'Tonga', 676, 0),
(221, 780, 'TT', 'TTO', 'Trinidad y Tobago', NULL, 0),
(222, 788, 'TN', 'TUN', 'Túnez', 216, 0),
(223, 796, 'TC', 'TCA', 'Islas Turcas y Caicos', NULL, 0),
(224, 795, 'TM', 'TKM', 'Turkmenistán', 993, 0),
(225, 792, 'TR', 'TUR', 'Turquía', 90, 0),
(226, 798, 'TV', 'TUV', 'Tuvalu', 688, 0),
(227, 804, 'UA', 'UKR', 'Ucrania', 380, 0),
(228, 800, 'UG', 'UGA', 'Uganda', 256, 0),
(229, 858, 'UY', 'URY', 'Uruguay', 598, 0),
(230, 860, 'UZ', 'UZB', 'Uzbekistán', 998, 0),
(231, 548, 'VU', 'VUT', 'Vanuatu', 678, 0),
(232, 862, 'VE', 'VEN', 'Venezuela', 58, 2),
(233, 704, 'VN', 'VNM', 'Vietnam', 84, 0),
(234, 92, 'VG', 'VGB', 'Islas Vírgenes Británicas', NULL, 0),
(235, 850, 'VI', 'VIR', 'Islas Vírgenes de los Estados Unidos', NULL, 0),
(236, 876, 'WF', 'WLF', 'Wallis y Futuna', 681, 0),
(237, 887, 'YE', 'YEM', 'Yemen', 967, 0),
(238, 262, 'DJ', 'DJI', 'Yibuti', 253, 0),
(239, 894, 'ZM', 'ZMB', 'Zambia', 260, 0),
(240, 716, 'ZW', 'ZWE', 'Zimbabue', 263, 0);

-- --------------------------------------------------------

--
-- Estructura de tabla para la tabla `paths`
--

CREATE TABLE IF NOT EXISTS `paths` (
  `id_path` int(11) NOT NULL AUTO_INCREMENT,
  `url_path` varchar(45) DEFAULT NULL,
  `fechacre_path` timestamp NULL DEFAULT CURRENT_TIMESTAMP,
  `usuario_id_usuario` int(11) NOT NULL,
  PRIMARY KEY (`id_path`),
  KEY `fk_path_usuario1` (`usuario_id_usuario`)
) ENGINE=InnoDB  DEFAULT CHARSET=utf8 AUTO_INCREMENT=6 ;

--
-- Volcar la base de datos para la tabla `paths`
--

INSERT INTO `paths` (`id_path`, `url_path`, `fechacre_path`, `usuario_id_usuario`) VALUES
(1, 'files/musica/', '2010-10-08 21:21:00', 1),
(2, 'files/eventos/', '2010-10-08 21:22:00', 1),
(3, 'files/noticias/', '2010-10-08 21:22:00', 1),
(4, 'files/tecnologia/', '2010-10-08 21:22:00', 1),
(5, 'files/videojuegos/', '2010-10-08 21:22:00', 1);

-- --------------------------------------------------------

--
-- Estructura de tabla para la tabla `phones`
--

CREATE TABLE IF NOT EXISTS `phones` (
  `id` int(10) unsigned NOT NULL AUTO_INCREMENT,
  `id_paises` int(10) unsigned DEFAULT NULL,
  `cod` int(10) unsigned DEFAULT NULL,
  `cod_privado` int(10) unsigned DEFAULT NULL,
  `referencia` varchar(50) DEFAULT NULL,
  PRIMARY KEY (`id`)
) ENGINE=InnoDB  DEFAULT CHARSET=utf8 AUTO_INCREMENT=6 ;

--
-- Volcar la base de datos para la tabla `phones`
--

INSERT INTO `phones` (`id`, `id_paises`, `cod`, `cod_privado`, `referencia`) VALUES
(1, 232, 412, 58412, 'Digitel Movil'),
(2, 232, 414, 414, 'Movistar Movil'),
(3, 232, 424, 424, 'Movistar Movil'),
(4, 232, 416, 158, 'Movilnet Movil'),
(5, 232, 426, 199, 'Movilnet Movil');

-- --------------------------------------------------------

--
-- Estructura de tabla para la tabla `registers`
--

CREATE TABLE IF NOT EXISTS `registers` (
  `idregistro` int(11) NOT NULL AUTO_INCREMENT,
  `nombreape` varchar(45) DEFAULT NULL,
  `sexo` char(1) DEFAULT NULL,
  `fechanac` date DEFAULT NULL,
  `direccion` varchar(45) DEFAULT NULL,
  `pais` varchar(45) DEFAULT NULL,
  `correo` varchar(45) DEFAULT NULL,
  `telefono` bigint(20) DEFAULT NULL,
  `password` varchar(45) DEFAULT NULL,
  `rpass` varchar(255) DEFAULT NULL,
  `estado` varchar(45) DEFAULT NULL,
  `ciudad` varchar(255) DEFAULT NULL,
  `codigo` int(11) DEFAULT NULL,
  `tecon` int(255) DEFAULT NULL,
  `scor` int(11) DEFAULT NULL,
  `cuentatwitter` varchar(255) DEFAULT NULL,
  `fbookid` varchar(255) NOT NULL,
  `fblinkperfil` varchar(255) DEFAULT NULL,
  `foto` varchar(45) DEFAULT NULL,
  `pais_campana` varchar(255) DEFAULT NULL,
  PRIMARY KEY (`idregistro`)
) ENGINE=InnoDB  DEFAULT CHARSET=latin1 AUTO_INCREMENT=3 ;

--
-- Volcar la base de datos para la tabla `registers`
--

INSERT INTO `registers` (`idregistro`, `nombreape`, `sexo`, `fechanac`, `direccion`, `pais`, `correo`, `telefono`, `password`, `rpass`, `estado`, `ciudad`, `codigo`, `tecon`, `scor`, `cuentatwitter`, `fbookid`, `fblinkperfil`, `foto`, `pais_campana`) VALUES
(1, 'Diony Reveron', 'M', '1989-04-08', NULL, 'venezuela', 'dionyreveron@hotmail.com', 4262457326, '19601960', '19601960', '0', '0', NULL, 1, 1, '@dionyreveron', '', '', NULL, 'Mexico'),
(2, 'Diony Reveron', 'M', '1989-04-08', NULL, 'El Salvador', 'reverondiony@gmail.com', 4262457326, '19601960', '19601960', '', '', NULL, 1, 1, '@dionyreveron', '', '', NULL, 'Mexico');

-- --------------------------------------------------------

--
-- Estructura de tabla para la tabla `users`
--

CREATE TABLE IF NOT EXISTS `users` (
  `id_usuario` int(11) NOT NULL AUTO_INCREMENT,
  `username` varchar(45) DEFAULT NULL,
  `email_usuario` varchar(45) DEFAULT NULL,
  `password` varchar(45) DEFAULT NULL,
  `perfil_usuario` varchar(255) DEFAULT NULL,
  `fecharreg_usuario` timestamp NULL DEFAULT CURRENT_TIMESTAMP,
  `groups_idgrupos` int(11) NOT NULL,
  PRIMARY KEY (`id_usuario`),
  KEY `fk_users_groups1` (`groups_idgrupos`)
) ENGINE=InnoDB  DEFAULT CHARSET=utf8 AUTO_INCREMENT=6 ;

--
-- Volcar la base de datos para la tabla `users`
--

INSERT INTO `users` (`id_usuario`, `username`, `email_usuario`, `password`, `perfil_usuario`, `fecharreg_usuario`, `groups_idgrupos`) VALUES
(2, 'jose', 'jose@hotmail.com', '27fd5f05772c81f3d7a067762634b28f07ce8ba8', 'Jose Perez', '2012-02-25 11:17:00', 1),
(3, 'yuliet', 'liset-1028@hotmail.com', '98a46e1ec772082398e5c3676a05baec697e58b0', 'Yuliet Torres', '2012-04-17 10:28:13', 1),
(4, 'emily', 'ekam16@hotmail.com', '39a34f15a85666a17c567d35754e0a64275f3737', 'Emily Andara', '2012-04-21 10:30:30', 1),
(5, 'admin', 'rotunnohernandez@hotmail.com', 'a22aee241f2699b81c976f9effd8afd7cd61e6d4', 'Rotunno Hernandez Antonio Javier', '2012-04-24 18:11:11', 1);

-- --------------------------------------------------------

--
-- Estructura de tabla para la tabla `videos`
--

CREATE TABLE IF NOT EXISTS `videos` (
  `id_videos` int(11) NOT NULL AUTO_INCREMENT,
  `videoembed` longtext NOT NULL,
  `titulo_video` varchar(255) NOT NULL,
  `descripcion` text,
  `etiqueta` varchar(255) DEFAULT NULL,
  `destacado` varchar(255) NOT NULL,
  `url` varchar(255) DEFAULT NULL,
  `fechacre_videos` timestamp NULL DEFAULT CURRENT_TIMESTAMP,
  `usuario_id_usuario` int(11) NOT NULL,
  `archivos_id_file` int(11) DEFAULT NULL,
  `excluir` tinyint(4) NOT NULL DEFAULT '0',
  `video_home` tinyint(1) NOT NULL DEFAULT '0',
  PRIMARY KEY (`id_videos`)
) ENGINE=InnoDB  DEFAULT CHARSET=latin1 AUTO_INCREMENT=27 ;

--
-- Volcar la base de datos para la tabla `videos`
--

INSERT INTO `videos` (`id_videos`, `videoembed`, `titulo_video`, `descripcion`, `etiqueta`, `destacado`, `url`, `fechacre_videos`, `usuario_id_usuario`, `archivos_id_file`, `excluir`, `video_home`) VALUES
(17, '<object width="250" height="200"><param name="movie" value="http://www.youtube.com/v/ntSBKPkk4m4?fs=1&amp;hl=es_ES"></param><param name="allowFullScreen" value="true"></param><param name="allowscriptaccess" value="always"></param><embed src="http://www.youtube.com/v/ntSBKPkk4m4?fs=1&amp;hl=es_ES" type="application/x-shockwave-flash" width="250" height="200" allowscriptaccess="always" allowfullscreen="true"></embed></object>', 'Jet Lag - Simple Plan', 'Simple Plan estreno su videoclip "Jet Lag" junto a Natasha Bedingfield, sencillo que se extrae de su nuevo material discográfico "Get Your Heart On!"', 'Equilibrio', '0', 'jet-lag-simple-plan', '2011-05-10 12:05:39', 6, 346, 1, 0),
(26, 'Thumbs_simpleplan.jpg', 'prueba flv', 'prueba flv', 'Equilibrio1', '0', 'prueba-flv', '2011-06-11 01:08:51', 1, 444, 1, 0);
